0,1,2,3
-0.4212025961777962,-0.7246168950666196,-0.6449428139288622,0.7821652655267666
0.9882733715110515,0.7230557295232477,0.03622026194388457,-0.7125722143035117
0.7699430595319616,0.8877448383375597,0.1171326664123523,0.8162105440757511
0.9369502110068515,0.5318925044357206,0.9320798998726081,-0.9487165351727377
-0.9043246115240848,-0.806543036963109,-0.9614605670219595,0.9639827697339429
-0.6145854754454665,-0.8645689948887,-0.9531337395744831,0.7837106830729669
-0.9372128180170467,-0.9699079662813229,-0.809244612467997,0.9653512415667331
0.831573059410352,0.5515901298958518,0.9903805290609106,0.6939544005223595
0.19005788066049856,0.30756378660357403,-0.8818722629462515,0.6336546714499117
0.9844242611716001,0.6670006742980609,-0.9850451289176508,-0.3536928458519183
0.36898869349145536,-0.02336675516706243,0.235857689541707,-0.30374177630334326
0.7576380740881438,-0.6647702894630312,-0.18226340921081968,-0.7732406605047364
-0.08779024705017428,-0.19274418941239274,-0.9556988611857694,0.6244690777478439
0.9539381450074856,0.21959622932860684,-0.04457006123124315,-0.815261681476807
0.9600956361325811,0.21599994423842428,-0.6527913494628106,-0.2507052219870342
0.9096251265011712,0.3176610958978314,0.8993654532917587,-0.029005392640773446
0.8143631413419141,0.009942406028255534,-0.7707352482478961,0.7913379164298666
-0.4472915780880703,-0.23052248490606886,-0.8176630171762523,0.9721363407274263
-0.843170888419484,-0.23744954125567128,-0.9267300878385427,0.9139075193615747
0.8656982043167665,-0.3401832208187968,-0.8923296504534944,0.20887099603319806
0.3680214162449796,-0.8671537943491561,-0.8922483258801056,0.5939444409920704
-0.5376265236887658,-0.7075002127509066,0.29848521924861765,0.2485080609877026
-0.14863555334611941,-0.7110924490705943,-0.9777190397460315,-0.5051973641866747
0.6056575267950466,0.41699979648378754,0.2522663102794677,0.18663176877656715
-0.45396014411600244,-0.8984141021042172,-0.6267563637844153,-0.13101150174935317
0.91871437966529,0.64278862648803,0.5239656428573664,0.24287040226943207
-0.408913549475276,-0.7913821498864184,-0.72557175876291,0.8313162480841405
0.8795519817673143,-0.1873023912067945,0.780977992838355,-0.6125102109408276
-0.3857473163256427,-0.8546746790664066,-0.9702211582173429,0.6198685811786816
0.9717878465767648,-0.06005267091174075,-0.9466871565631751,-0.9304734915552324
0.3112173860244039,-0.1962060452164253,-0.27658436794738156,0.8821746489730523
0.7993686008069842,-0.35837059854512765,-0.9998830330702435,0.8901811865329401
0.8669803589368458,0.07017745919490086,-0.2814017654397651,-0.9062553663732561
0.2647954477549488,-0.3853095113242654,-0.31762858823775975,0.840874465751832
-0.8559070957318585,-0.921194310491116,-0.9124051543112295,0.9182367025816114
0.9375197143088644,-0.6127493229706592,0.44181370450885094,-0.9566356440959224
-0.7616868435986488,-0.8262471635195024,-0.836978662739982,0.9816289896189707
0.7379335478912811,-0.4340169380430379,-0.9410661947105572,-0.07514955081063086
-0.45133026052719416,-0.3067877937274276,-0.8654331928373442,0.7594866328245325
0.8859574063950207,-0.19427759753086127,-0.40682863794496865,-0.4799619709614026
0.970438242660407,0.6733441121667403,0.6378842236873958,-0.9599228136476884
-0.984997455434068,-0.97695089039785,-0.9970619967544733,0.9896790870907068
0.893739201976209,-0.07157050341359027,0.04110627707499693,-0.8089887354935177
0.8644429412177307,-0.7586947043391638,-0.9064903489701518,-0.9363409936368753
0.3530166518309094,-0.8482591899117535,0.11826891409313117,-0.6462294415776844
0.9652558933764764,0.34998970297775467,0.8882613056496007,-0.9351368564759975
0.9760930810881995,0.3594213534664819,0.36680502325801395,-0.9848958755998235
0.9670166893152542,0.62508148952113,0.6614781233037127,-0.3443537485597212
0.7653669467062127,0.0767364321843402,0.7023097283317902,0.6482642291221072
0.6031642271734677,-0.6055511259417244,-0.6386728283110061,0.02528251611378131
-0.8981656577677312,-0.9662626667861812,-0.9977318827736914,0.32253220804146676
0.40089914121753334,-0.49673805041534325,-0.2550111343588558,0.842072261684595
0.8868325594307378,0.522489163632997,-0.6771926756699267,0.37637185670575724
0.7323489811760056,-0.6326146272031242,-0.9559331169910013,0.008526011713500982
0.2034631973387555,-0.7069724085950764,-0.7245941761423477,0.5357957961562789
-0.11767166834165205,-0.7921598762710196,-0.9907313364542806,0.6567335120967462
0.9872943033018667,0.005883946448204505,-0.9621313133050847,-0.1009999674801643
0.8775163295880061,-0.24455430196903186,-0.3231196813529908,-0.23296823730525054
-0.759066364355704,-0.9471804019811141,-0.9396193013537304,0.6660386114590381
-0.6837721134931691,-0.4748521560975028,0.21742348936222045,0.9135265350823679
0.9457028601598826,0.3200286138214216,0.5168841289121748,-0.8034729816633559
0.8483142916198171,0.24920234889497533,-0.9232003202866155,-0.1369500068656889
0.12853368383947072,-0.9141626901466149,-0.9042778652372364,-0.8988208814872611
0.9515978597007755,0.41124236830724864,-0.8944317766828047,-0.8359491593901666
0.8516018295942068,0.22896999934192108,0.46729709465932984,0.4506661619707083
0.5928417480265623,-0.9125387148430977,0.48710069405851075,-0.8310603477320504
0.5071078747891722,0.48041365341742703,-0.6076544294382686,0.6122828405692992
0.49044653825355844,-0.554458439297105,-0.2241860765129681,-0.9100767992572524
0.9504533555636858,0.4239938510971414,-0.6552918119807081,0.2918004871760748
0.815555691041384,-0.49422385650007006,0.07117693802147235,-0.363443715560966
0.8629137163734897,0.2966261973905385,-0.4506491960328151,-0.5561591426730073
0.3692168054495964,-0.3086586803465716,-0.779508732523551,0.7203876339304137
0.962309971848695,0.6309061332685344,-0.5462738250893543,0.40787287325524324
0.8724512718155162,-0.4979548478680194,-0.9919441585125173,-0.6245880259898308
0.9574825847142371,0.03780773043240726,-0.3785856580509689,-0.9496823689212006
0.3693719324353869,-0.11932883254782607,-0.8711403113874394,0.768529903850323
0.7697298578239758,-0.18825589125857894,0.7598512227831462,-0.20798793029687698
0.6554645268769087,-0.522235610934138,-0.37342975632610126,-0.32374995844514187
0.997053331977472,0.8915715396986389,0.20669833705637075,-0.9841700820109254
0.49854313671734146,-0.7253345069535934,-0.6977786426125849,0.5096260643662301
0.8551578208989766,-0.23922425080399812,-0.370863717773268,-0.25673245643615716
-0.48279389584649873,-0.4877875337362713,-0.9507983859242768,0.588279255198346
-0.20248979722437976,-0.8250822180227678,-0.980554055422957,0.32745317337277136
-0.7978531648646687,-0.9518806236742348,-0.9990088471265508,0.6611755321510918
0.7924835136587144,0.3091365118020758,0.7954159572496613,-0.27740212798106567
0.8937032595512581,0.361754110731351,0.690369579322402,-0.8184465762066729
0.9927981667874818,0.5884137280972312,0.7860939000868472,-0.7870971271121612
0.9906591336179299,0.5938804771355758,-0.6345592282518774,0.4090544602761426
0.27911151187921146,0.11394497973567809,0.6507996994443568,0.6853787747513443
0.5569013489574672,0.016352781000510255,-0.7787262807978089,0.1928783351450569
-0.920097002202337,-0.950650883675872,-0.9941283105992184,0.8476187509248699
0.9077140382828317,0.4801151951880185,-0.9327251448078001,0.7251243766079208
0.7696567716153373,0.27200605448822174,0.830889202910569,-0.2504195119577066
0.7249779146325797,0.07625509907665082,-0.4121668871571718,0.40341720128175734
-0.33813524438826975,-0.7197658441560987,-0.9981986284365264,0.9036238063628593
0.8418649341217255,-0.38747498795311935,-0.4149100245600925,-0.7469616448952244
0.9461114248741549,0.6353727818458027,0.23201767868179785,0.05450376318907193
0.8221602420532212,0.49277481821998764,-0.9171654002020307,0.15979659097291454
-0.7366537988379263,-0.8565174103023898,-0.9972824387017517,0.9473347615816101
0.8185252526948766,0.29252696422316277,0.1313295957393226,0.3600995120896063
-0.5491920776807859,-0.7656172043672608,-0.9922873623914606,0.9070945896519974
0.7479805293401743,-0.12874784664905334,-0.8986712553869449,-0.7143537938198511
-0.4528493655800426,-0.568631742399992,0.17255315649318786,0.38454269056240237
0.9688657898346179,0.07622713294730071,0.8185601849689285,-0.8440247698158054
0.5116784148253667,0.033413900940630674,-0.4926685409537047,0.8559091709063016
0.6206966812923108,-0.794006145586495,-0.8501180368960589,-0.9010683085421587
0.9982317227395325,0.9421345705926426,0.19390287582378166,-0.897684868841918
-0.8084552590614488,-0.702203667574643,0.09883574362235255,0.5401367906034762
-0.9683126100343907,-0.9630237514461978,-0.9595897017404484,0.9617791866162287
0.8769376922945503,0.2737181095671521,-0.8361451148317279,-0.1780292055147403
-0.6485548994267506,-0.969867830390643,-0.911792388356835,0.3385450377357939
0.47695142721299477,-0.488336602956518,0.35048003659642557,-0.05164921076537116
-0.9993422852830113,-0.9742368838778513,-0.8985959768698297,0.9984301895270847
0.8278184450991604,0.08128940160195987,0.15513420758218874,-0.091693289471203
0.913782505416181,0.5639717195353966,-0.9644546613718551,0.6240766327731178
-0.2683567935702316,-0.6342253461266322,0.7807549601737623,0.32258389929967163
0.9442972210334577,0.18991740530846452,-0.4187904970955769,-0.7692209758904294
0.8465558888544864,0.33325224719524554,0.18610173451690437,0.3112250434695363
0.5859776530312174,-0.499702195568177,-0.6973875064633055,0.8559050898012153
-0.9021163211564259,-0.9296332388051549,0.8200358676148515,0.7954685813475377
0.9926553944328169,0.6676641182841728,0.9288297329830847,-0.9154891743376925
0.7297402307225809,-0.2274870284096875,-0.9088425103905747,-0.06882844711693252
0.7129549444460206,0.06375951194124568,0.8255684945209103,0.9117575065479493
0.9687752317704604,0.10056789689643238,0.120735670446179,-0.9602055366930836
0.800345585657346,-0.526105667867262,0.0043566842625590105,-0.7065631089158312
0.8202752476453886,-0.3146832714500877,-0.2399951823926806,-0.5973217983780801
0.8254785891539379,-0.5959189678098308,-0.8691643012261158,-0.9586665387827283
-0.7423533237699901,-0.7508306425519897,0.7173681888194028,0.8477593925677706
0.06325912937196507,-0.7000007556229895,-0.9848395648522459,0.3274341110579561
0.7573450308013387,-0.4047058297173648,-0.01922521049829775,-0.3391233060464178
-0.54278836938871,-0.7680208186696552,-0.9903717041931221,0.9067050246084102
0.5477412099706095,0.2215111887938366,0.6647860445921437,0.4155648754322005
0.12779388856716822,-0.7824960713336448,-0.8210929973442785,-0.05015178980168902
0.557317614027799,-0.7072399980540616,0.5248133102774339,-0.47466254483713016
0.7398432165962407,-0.6284925777256651,-0.43019732314499465,0.39317113220144934
0.7915495706152201,-0.45243488619261146,-0.3866765579247159,-0.2965414988530621
0.8514092844867669,0.19847500558840758,-0.9728994518159364,0.2335685873826577
0.9316228399572457,-0.4421414189160608,-0.8691685866224336,-0.2714388040988596
0.8540259402389756,0.7198369682292949,-0.9325657669825462,0.5717395178431156
-0.16607744638721156,-0.06914757489526406,-0.638435643016657,0.45928052417215853
0.33822239788330716,-0.6421915949628832,-0.980658128919632,0.4421736366426576
-0.7393577953646514,-0.8193892557591521,-0.827780849398459,0.8907987039244026
0.06210303800557909,0.07934941435426844,0.5916716409441425,0.1905522402491393
0.9602634313576575,-0.4495836508971618,-0.7721978954894979,-0.9254157784247695
-0.3114919808364122,-0.5686234368015683,-0.9852536139841918,0.6154067032706793
-0.7896106338279724,-0.8722361398682096,-0.8611818188337077,0.9431117898561435
0.26268537253182206,-0.4373816332081132,-0.3412868297324904,0.03752972416010238
-0.06408718686312762,-0.3013094182366559,-0.7500844577054192,0.7257162517778348
-0.6288043397792954,-0.6122866222309983,-0.2736509252369607,0.9873225375230047
0.2770427479723281,0.6737510265159968,0.24681765764672015,0.9597516764465602
0.5480903226120551,-0.45045637209292516,-0.773773212830383,0.9475052850668099
0.9483911104531612,0.5643946008030238,-0.5329904899857821,0.7729072058943457
0.9827953311114308,0.5347606095562021,0.07712094486914153,-0.9276267066992367
0.30913272518541834,0.188460176704082,-0.7153184388146067,0.08371675769900452
0.826273339515906,-0.4007993147444072,-0.9953099127166773,0.11742784439240529
-0.17025102956018132,-0.8385916701641882,0.052464051681331565,-0.6607213129794458
0.6383138436850015,0.6189418952530332,-0.31040981233236964,0.3556137956680265
0.5266108857742031,-0.6273298960327713,-0.967981374190891,-0.88440555625494
0.45497065295058,-0.8856521346219969,-0.9985471244941637,0.5318354766485959
-0.5871022490311965,-0.22196218236720544,0.8756544219821536,0.9045779256061889
-0.29002655001622163,-0.44612641362076383,0.1998100999091884,0.5998933580830679
0.05610297534527586,-0.025987890795581964,-0.9952933804822096,0.9732698865868152
0.9834341830937622,0.8914515709660711,0.5483679518636898,-0.09358070534706575
0.9696885537458493,-0.07217275837360772,-0.6224962931331481,-0.7753267806097418
-0.6343385324901759,-0.6255375036320074,-0.42768357560509385,0.930435809653445
-0.5904356079579927,-0.36277644865995984,-0.2526361321849471,0.9157192400128653
0.9508915701070537,0.615364887891758,-0.6911695953963073,0.5556400392524253
0.5779942003520445,-0.7358925920043748,0.023456438658203228,0.11386980568193426
-0.4222188973206179,-0.8593358209092832,-0.9689569051955068,0.7176220090196835
-0.4527728182455139,0.11268678553540892,0.8760915958437198,0.7257517325480606
0.966896510539481,-0.23703300552090725,-0.9333044200045754,-0.9509471689976616
0.05490404970863671,-0.8164897220630889,-0.12308020523926799,-0.8285007454787661
0.9140703700378826,0.5636919638657617,0.03993029736063785,-0.3356843059888643
0.9855378443002412,0.2592385122177373,-0.13205628187900334,-0.591489248389039
-0.23872531848809364,-0.23870133791592646,0.9880658571210059,0.2748687097461388
-0.9112160270290781,-0.7882569863329429,-0.9372380470583841,0.7009903959536629
-0.40171679496460067,-0.9293912789888954,-0.9820198251585367,0.7172021316626866
0.8801802234819599,0.553025631380383,-0.6945676596340341,-0.9226218433515541
-0.24025887640888147,-0.6854930008300865,-0.8616565328429904,0.31946352608323325
-0.432143191298,-0.6966714346144245,-0.31633623732461985,0.8686877574875665
0.876682428531822,-0.46522551407045853,0.8533349036471878,-0.991820174656141
0.836836059909852,-0.2696049261494213,-0.6092975270269105,-0.19702888059690818
0.057034245584949975,-0.5491195029782391,-0.9984996040967097,0.8886861624008464
0.3811510695646352,-0.20037540962270706,-0.9430973086008144,0.5520817366985077
-0.05928131034567425,-0.6309402400286462,0.7815841866912204,0.8142909868791206
-0.45018028521721126,-0.2444376220753355,-0.10088324598060752,0.8641824599794754
0.9150248248543125,0.29849171106689787,-0.04509116959441568,0.6902429732579533
-0.09463615484007484,-0.9549565368927418,-0.9977671562994714,-0.9429359721595656
0.9938626005835766,0.888782152673699,0.9523961111566871,-0.7529531286593546
0.9864700114062536,0.6455129338122036,-0.5896509260086303,0.3764213745957668
-0.9738426302551171,-0.7769338638251753,-0.11452245508703346,0.979694727428763
0.923734079588469,-0.2213328519727596,-0.9923036045927734,-0.38032478579391127
-0.8995092799586065,-0.9597383019159936,-0.9993312867225377,0.9246680654311238
0.10103247798140795,-0.6090505584558644,-0.5384486235545909,-0.21506831461496198
0.8659047637880903,0.0872889768334182,-0.16215958151322052,0.060031251880109174
0.9774444255955717,0.6397041502865007,0.08236817135587679,-0.7945168192837231
0.9986133742025002,0.6941875771278867,-0.731855845332071,-0.9392833214114005
-0.612705977437905,-0.8974651938070787,-0.9372767253043465,0.1361390848261451
0.6230345134158736,-0.5272232452450603,-0.8654945647695933,0.42152109788251796
0.4660492738141145,-0.020397364339251198,0.7110183905858627,-0.8654592180860539
-0.48531536045790796,-0.9382531419125072,-0.9986689269736392,0.9280811953498147
0.9727582575241911,0.6866293987622674,-0.94073278105892,-0.5149533290266393
-0.8976227923559402,-0.7191882042665052,-0.5025258284395105,0.98790771775473
0.6689314967042511,-0.05605715021237189,-0.7361031702636265,-0.5100256511877376
-0.7133048375438855,-0.9595722842859539,-0.6927920960291095,0.7667257913043549
0.6006018060315474,0.08779225567188738,0.9086682152377015,-0.8274086129813373
-0.025611167216762,-0.8801078248664224,-0.7656877068789262,-0.0412324529410629
0.3027689924446218,-0.1793831415887144,-0.9269392837389039,0.5878067051898798
0.8955617857702414,0.3945896764750486,-0.8778871754105442,-0.749946900991481
-0.848593718788762,-0.428740039479858,-0.9433480119407176,0.9418461110105196
0.13408238386672702,-0.28538305383569773,0.9742491799457413,0.5085605154154066
-0.4137903737092326,-0.8446387823133166,-0.30558159650286904,0.9148802597126634
0.9249420379952684,-0.2650266812416468,-0.8514930826985598,-0.5677407754948638
-0.5717729490695126,-0.8133886446228594,-0.07963726509757828,0.736039393123998
-0.8706292496834785,-0.8312996832259635,-0.787951116665577,0.8103327749443633
-0.16012394215919862,-0.8267842047752447,-0.9801595465439665,0.8615462958642077
0.9200853175223183,-0.07749229382186301,-0.9573585673438341,0.33814558504999087
0.3570129962572138,-0.5918388710441717,-0.7969520638605269,0.49699125223906676
0.5341488420963417,-0.616421783428396,-0.6959795170991123,0.3718804222928495
-0.34290987102753645,-0.9332917697698235,-0.9101036043804905,0.7337439936414716
-0.7602872217227987,-0.5626717509780843,-0.839978352324202,0.9864205786442442
0.6247879608644639,0.023041246479365167,-0.976755070071562,0.5414996399289473
0.46883605564467856,-0.31379037023745865,-0.908765063868153,0.7012130615293818
0.7958605897190789,-0.5133075439933525,-0.26731589193033634,-0.7204347951753941
0.9957361348534705,0.5487131992412301,0.3228709274722019,-0.9421324250187051
0.5603253181348333,-0.3649386553572124,-0.7086784381059791,-0.23879602320662657
0.489497076927669,-0.8349608491135713,-0.9123521427299931,-0.3033148716257271
0.02374442374274606,-0.7800073498160429,-0.9482785608259395,0.25745718595000155
0.1661446092692529,-0.34143653085645415,-0.65791605284516,0.5134733698758692
0.0700720242138302,-0.4726553983210557,-0.9908677045529204,0.5506278314849621
0.6476996456636398,-0.2173221832045961,0.30628901102598066,0.896745931479065
-0.37404639471921103,-0.8646039390728552,-0.5049604939637082,-0.35954318638230137
-0.4058552267089852,-0.9143156202954679,-0.46361956776839836,0.19506873785565962
0.586161162030456,-0.6211368073652759,-0.9795184390767138,0.23969571090292185
0.4423111680176058,-0.5354568225442857,-0.7623231290979263,-0.5570093933952306
0.5194574795287428,-0.4381566335477501,-0.9822084204608551,0.9156275521620764
0.5716825405780528,0.07837089987147615,0.19963630111902997,0.6302990301549942
0.9387445867212364,0.16182427427197632,-0.3995043780922872,-0.393529168303311
-0.3444752655006935,-0.44086758753402994,-0.957724001671132,0.9733024883804675
-0.12127979608827415,-0.8508499619865063,-0.9735895982199362,0.9604928125173651
0.646543076096016,-0.49347524926888386,0.3968019885621302,-0.40690899081069415
-0.34820266101647773,-0.7404896234814383,-0.9678491745481789,0.7110871182928252
0.7918877259099583,-0.7342735492745845,0.4129622265016444,-0.9927730892103286
-0.735291775141881,-0.9749021367345798,-0.5485078889429031,0.3527657986148667
0.942496425770972,0.30531157551760507,0.9510039189216026,0.04962624024571232
-0.5771239135005863,-0.7729296968029049,-0.9989091128629792,0.9930286270123305
-0.2656979166498985,-0.7811005616564123,0.4836007847752218,-0.037838987555472214
-0.7246168003662173,-0.9490978599930828,-0.9988946830329735,-0.19300522440781417
0.8460616875291106,-0.049528206416275866,-0.9133813340087791,0.2881730759903045
0.15274608995925318,0.06443373804126132,0.9463855970679922,0.6166346998329374
0.8109783871574726,-0.0044978993264758555,-0.8526213949157333,0.9764387509161161
-0.6203723421222906,-0.5897758350449107,0.1822888736527724,0.49159861138573174
0.8973639229445565,0.2281301376816392,-0.7791021864627965,-0.20037342703262379
0.4567215154651522,-0.24575888639348628,-0.9249511562156677,0.5572345503399856
0.9419728118039171,0.5495479081560685,-0.9557365879135596,0.44381043138181275
0.4547886250710129,-0.7816441333700931,-0.8409617319510575,-0.36866709900763805
0.48695321980449563,0.19288116266157482,0.7838720419509447,0.48986938980599776
0.30222556635726266,-0.7887670290362319,-0.7166575613737952,-0.3841810281624839
0.7774759865936622,-0.06998042093376074,0.42230469529603176,-0.11948754709901131
0.4158704509354342,-0.7159258381610896,-0.9985646933386328,0.42529054840962194
0.9424548710447341,0.4840887365755851,0.3376351147338804,0.33181812203476513
0.9857617729008212,0.7673360685620962,0.2624221215516979,-0.25690811183149076
-0.8084825394872276,-0.8951324659365832,-0.9962586825782669,0.8344226399775367
0.797070860108168,-0.21967517611753157,-0.8369272244602811,-0.8291857423181331
0.8851197782045979,0.4971115748018451,-0.9849884175883729,0.821249200421187
0.999832770214055,0.9514315345361718,-0.9690295434675017,-0.908074958171587
0.8404452140964314,-0.42889526067694766,0.222751686552172,0.6101428987576089
-0.47118043983690533,-0.880152879762896,-0.736290800045506,0.8380678673560243
-0.6865739450463679,-0.8906774014870567,-0.08421986210647689,0.2915973465691172
0.9873288009210249,0.44387798685514696,0.10634218354619221,-0.8740399083399728
0.5671489377090969,-0.4756777195787304,-0.9653060015721605,-0.5690198713586886
-0.9020534290040948,-0.9634645156338919,-0.998059269056181,0.9134470704171579
0.9619252553431468,0.43697054308183303,-0.9317519490541032,-0.46755093150349286
-0.05128885855033834,-0.7431005536306953,-0.9501810456599468,0.4643692177867174
0.8048024887463746,-0.31249923859146506,-0.577306475909582,-0.5339177069403545
0.5222134857367894,-0.6252527190118586,-0.41276719155635916,-0.8725583129615918
0.19828675195890622,0.22632778974057535,0.2506902485848035,0.9186139899536441
0.9768436804838858,0.7316412051449837,-0.5504185971557909,-0.7111870937016065
0.6405551135034558,0.14458734916888763,-0.8192851717035695,0.5117177895108203
-0.5100570549585256,-0.7206811857371779,-0.9418673091809676,0.7067195152735779
-0.9854017227750369,-0.9698199744125826,-0.994632635019465,0.9960417181868952
0.5833543113635766,-0.17147120341311306,-0.9065456168809249,0.7147303659134312
-0.666748785730266,-0.9287459417397367,-0.997450775479753,0.9536233737430406
-0.8485384323343691,-0.8922099103250318,-0.22768294002983488,0.8643905806289724
-0.9076953562903346,-0.8888946206666192,-0.8329158320072003,0.8896001955517657
0.9118885949648078,0.49839907516569615,-0.21008523001806736,0.8224034886244318
-0.6330765233427927,-0.282394768277144,-0.026793075392376155,0.870419939870578
0.5921262804597229,0.25517057406824084,-0.3074765196890567,0.15507631304000635
-0.6929492013374294,-0.7032410426478045,0.68772039827674,0.47952029328659673
0.6378817990729833,0.1734839500821938,0.13297650205791972,0.3480487420000172
0.5964503983409312,-0.5253642719976351,-0.7871342011810477,-0.592739776155761
-0.3971888381487936,-0.24248957315353284,0.7450452195933459,0.21450843167841582
-0.1616788552716675,-0.5518788556498981,-0.8665460053630849,0.7399913587900233
0.5667920879696122,-0.531324641709563,-0.7679974811467133,-0.8823637538702453
0.5167674784522565,0.12042332735152864,0.43499004010885295,0.5655619804792194
-0.49465812540336246,-0.7413149291160773,-0.8225216531539234,0.8808975174055647
0.42183684368446994,0.4275830019069121,-0.8998846228290261,0.7041192831517555
0.9490145212496276,-0.18311316053235063,-0.4056720689570086,-0.4133679617578883
0.5848005975468424,-0.4802425589761432,-0.24134928277181103,0.8492244216594373
0.7927706410992951,-0.4858564767903811,-0.5789414935229018,0.12595920188169102
-0.7670105550247205,-0.8592709714955599,-0.03611089757389869,0.7139133828100707
0.988557213909539,0.42036027208961646,-0.7247730850295074,-0.8830505509203945
0.9278434879415072,-0.2790303905616935,-0.6970086653754849,-0.8320647448508522
-0.3974223164762649,-0.7536558628257947,-0.979398656024362,0.73100234818483
0.844927768459966,-0.3841020519219169,-0.9174627678758359,-0.49854627557561665
-0.45411881654742675,-0.4557848745067857,-0.9920860360373276,0.8782234802333613
0.9655413928887392,0.680846775270031,-0.3037416647389486,0.24773351533014684
0.9107258429043263,-0.7893083395472256,-0.9323214991533783,-0.8391384616233896
0.24088278352050213,-0.740207231417711,-0.9746868842409864,0.9001483660178955
-0.8922601751511517,-0.9612403398128136,-0.32377007436884114,0.9470233872057857
-0.8845948945748572,-0.8370522099516189,-0.6535241206040129,0.9167569990153297
0.9000525254566518,0.4463250654679757,-0.9788317364900718,-0.050479744737580656
0.972891511403887,0.331724908265568,-0.11082384577627684,0.2726560532177209
0.41847781251475163,-0.2781600624351837,-0.986447025814043,0.7922723153183633
0.05983901950859645,-0.737531279421291,0.6950952446560003,-0.3905340137086043
0.6387024668668934,0.5085735640472211,0.9835997640684435,-0.3368043046865368
0.8108603714246625,0.3499146073892954,-0.7226278057623136,-0.0564690304397394
0.6367768851446192,0.2796575987144631,-0.9727248726526478,0.329470274196857
0.3024988090287966,-0.28073569101961315,-0.9334573491384504,0.41301935949932733
0.8451874491818787,-0.28540465084395555,0.3624661556794097,-0.6264940135111524
0.1629018264556755,-0.5024387039789862,-0.039226518088245343,-0.1996815545126397
0.8308229788519701,0.5806490027945242,0.9573676683621208,-0.34412796524817485
0.9268508366234316,-0.13556122493853617,-0.6293254281228856,-0.6964650633667201
0.9216690947421627,0.4949937547656766,0.8900625463439418,-0.6591750421304883
0.806428153510757,-0.39051257175467113,-0.5977259436784055,-0.23063598656382014
0.9873176225300248,-0.12958377209271654,0.21224008669565916,-0.9670781572239999
0.9498270640653566,0.4028686676974251,0.7541495663076213,-0.49302703662061687
-0.8499383426542763,-0.848962227017165,-0.9799456824703063,0.9928363102773459
0.5972126221302076,-0.6047317259340205,-0.4035610722351576,-0.7552332142397015
0.4772309248197692,-0.8360723580747564,-0.9899614303472102,0.02177829387794787
0.9141486650909609,0.47308505334484996,-0.29651489904238243,0.2731882256171019
0.20384405256651073,-0.5179075814868401,-0.42058464087795155,0.5199975685292199
0.5733395121093012,-0.6148441250741582,-0.9979154244496667,0.09411283783444363
0.0946276354512251,-0.7298032887720035,-0.9672509649907945,0.7577491334861349
0.5340375807407963,-0.2167159483355173,-0.9951944701811561,-0.3347417416890975
-0.27714508796257736,-0.5341915603120624,0.8797812195376615,0.6891441918012858
-0.13908651089230775,-0.5147994227462473,0.8613269167042616,0.42619522567033086
0.9849563766680499,0.5010358775508618,-0.6933839240131398,-0.9498120870405551
0.9653750983469791,-0.08436198206340624,-0.972060081575702,-0.6472088363009698
0.6261425074136301,0.6364398909115704,0.6555464372796067,0.8767649810572358
-0.8017583928024223,-0.9367499848874817,-0.9577658832089002,0.8735975273753007
0.29582591526591,0.013224975162982497,0.9112065350537567,0.5024879559734203
-0.06632877976522986,-0.6892171508779505,-0.7562422275775262,0.8282643554467568
0.006056943254138196,-0.6790467534349578,-0.9593093845057071,-0.4064552943819745
-0.09896043336724045,0.10563636318751068,-0.8498976842551533,0.8838849863238791
0.003607772578804065,-0.8521132424903003,-0.988677949891614,0.8481969237175002
0.9498323745910439,-0.04063915274900095,0.2156893335947622,-0.7882259490438644
0.8777434162264272,0.5267461141142298,0.9792861095239178,-0.5639408154273898
0.9724131677822673,-0.7654253258443021,-0.3739387251960085,-0.9214450437678766
0.9663278168038157,-0.00037664261402027153,-0.9126623300837347,0.5392088436368628
-0.12209330793206553,-0.5375375152325578,-0.9990083379464102,0.9504307988149712
0.5939223425950869,-0.28689233241252704,-0.995106717704323,0.8840259294430916
0.825825872461512,-0.02878754629411375,-0.41821766202900956,-0.5695599512389443
0.9557835695432039,0.6908755389329794,0.3593388756228581,0.2393234425749383
0.2130350734598029,-0.39628432373906014,0.5320998704997724,0.7548381872517912
0.80724737102354,-0.5970737673586458,-0.7996112542561412,-0.18636564656512833
0.4777508734455561,-0.5875916788241545,0.0009645294316780965,-0.6417553259069708
0.9580971466129631,-0.2546022954672786,-0.8025324402440139,-0.49723827805171317
0.6804022787226348,-0.5703171917699803,-0.5560417495043996,-0.6066157350718928
0.5798905842859194,-0.5190391320264797,-0.5884605865975214,-0.8080161035958318
-0.2915154024465077,-0.6406845246371045,-0.5753352102788775,0.11482843555301413
0.8890053201373455,0.008851764023604883,-0.5019559569029672,0.3357375139002383
0.9621553739306193,0.7621819539629198,0.9413636700330426,-0.480104838973668
0.855842041168338,0.07578843580648824,-0.8318407713905315,0.16444996740565704
0.41859089596513227,-0.32504199889267704,-0.993313193569821,0.9702570493078029
0.9664911601524098,0.6637328437016848,0.2316208356727679,0.11973845594526042
0.38020495947829613,-0.6874197266693193,0.04487023390203825,0.18500140531450318
-0.7339015051756996,-0.9359248769697577,0.32054347611369494,-0.18707674583329828
0.9887053891411541,-0.35134794214437404,0.30861788364839043,-0.9858411965878621
-0.5837291196749754,-0.7581270493944607,-0.9542375261867051,0.9767168127168607
0.43939812349248936,-0.04700907604767031,0.26907175551753587,-0.5834224765315154
-0.3844718799884001,-0.8669443122087127,-0.9677641897857034,0.6019669825716658
-0.5827291355060437,-0.9111855707452915,-0.7207477070861933,0.8176997009863513
0.8163593747450134,0.03408856287107484,0.6542519820206397,-0.6920105945334343
0.5643516087790783,0.16176380900256532,0.31332792746337795,-0.4388145176896774
0.9443499606104979,-0.6553476891726512,-0.27241133248538435,-0.9676700337474677
0.7454329041490588,0.14027827060662104,0.666363180293229,0.3484876553215432
0.11099616852961122,-0.7783066466055606,-0.9958501061309635,0.22025029632547263
0.5654458224144653,-0.09047857973005209,-0.980061193651756,-0.4656114363179985
0.3528587966567037,-0.20077898928131543,0.4908754480346242,0.16450606426656153
0.6384296950152507,0.12025389262123652,0.9221373025269729,-0.5167937479934678
0.3124137138104632,-0.061581444374371914,-0.8698358455674022,0.4139361722023296
0.9521108629435775,0.04757977329224371,0.45851596619248663,-0.609108354585328
0.8294358891768223,0.3818034588177071,0.3903843454042955,-0.3142363421602444
-0.12188487863786657,-0.8196721660192894,-0.47871818028261953,-0.321272699435254
0.8096493915941654,0.6331239505982466,0.23812284936937253,-0.5683149140109959
-0.8574752060132695,-0.751323449805818,-0.7247688899520197,0.9573335591318621
0.9793457267866135,0.6420343836778515,-0.7682778703598515,-0.4388418340382747
0.8414565844043688,0.5430307998787837,-0.8821143760144037,0.5559652425849498
0.09367429781869868,-0.25045549820753205,-0.35930051532758084,0.8262550617539368
0.783726085989029,-0.10314793680888144,-0.8534899705709231,0.6954649038889377
-0.7263552394729224,-0.9291661078236787,-0.9655717216845231,0.5586471748952686
-0.9296959564892797,-0.9676662765773024,-0.6939960076521859,0.9644066335089968
0.16681251591043322,-0.4975239910187832,0.8220357292455104,0.7564883585099957
-0.2458508749380566,-0.7605372490207262,-0.0445833987499075,-0.466472220149532
0.5430240882512102,-0.4806421205222264,0.3191886748222795,-0.8436088234404645
-0.851522001158509,-0.687031989137891,-0.5732694773246543,0.9965168972722159
-0.09746340943019548,-0.5788682317933689,-0.6749649078847837,0.3439050865673636
0.07865030345183635,-0.6663443857476904,-0.7027316946131731,0.6175329055608181
0.3273237502894151,0.25116623542463706,-0.9163254986226317,0.6593235423836218
0.28902225245573826,-0.2804363249267873,-0.9621518782609434,0.411941979598086
-0.8376319651058477,-0.9164212756460942,-0.9682418762022824,0.956154967878929
0.0961614942241844,-0.5071520348462678,-0.9827862243339409,0.9644861489982971
0.9651437947344467,0.12903980507437474,-0.36415174924742066,-0.5755917010638202
0.0389770913915048,-0.738019052341476,-0.9996133403922941,0.8385567544649719
0.35397896531223855,-0.5780161747649902,0.3068337947028874,-0.34169360520448133
0.8801676266077741,-0.48715628824016066,-0.9883763914621949,-0.9111256367547705
0.5517985783930035,-0.6610354011648607,-0.9981361132713557,0.36449070968397357
0.9858019696573213,0.7611956637812824,0.6349551379114335,-0.5586766502458537
0.0935530084898183,-0.8510110293668486,-0.5849431695878676,-0.70749200608608
0.751482559904912,0.25399389712942255,-0.9809165390669671,0.5706422382076014
-0.7829032511210893,-0.8766894481317274,-0.8332098265812629,0.4375472590976222
0.9469472875773796,0.44256753738377824,-0.9519510958878962,-0.4977960501495319
0.7164385221013255,-0.252207931204013,-0.9210274924641141,-0.4368628859191736
-0.10554009804542501,-0.9260614692747177,-0.9935398253819407,-0.13952214378604355
-0.9867330665804716,-0.9648927579421547,-0.880326549208584,0.9341172264859081
0.7563406856994233,0.02173763369993888,0.28682963342000245,0.046961023709606635
-0.0721048358768789,-0.5143321712096929,-0.9158443390219816,0.7896557651400211
0.16833000810581594,-0.6059082693508256,-0.9934673727925835,0.808921353070742
0.4579903879642977,-0.12951935191978942,-0.18742480549253737,-0.38616469221920974
0.6637701658777794,-0.8378140194349225,-0.8334899974681881,-0.9349618792564259
0.8346885764837508,0.21586338792303095,-0.028026675703690784,0.04166843956652727
0.973375282605671,0.36191961652275545,-0.8692030197574472,-0.9087014723085969
-0.8179023867986905,-0.4952904613614518,-0.9486725152425888,0.9564628789993439
-0.07137955993024934,-0.7005305518825515,-0.6867415031394618,0.5097118031545097
-0.5792793381166284,-0.9069120987099221,-0.9846999449041565,0.0032641242662822603
0.34871870068906985,-0.8202438695691033,0.14930218676676735,-0.060694656727465504
0.30205588477350837,-0.543365096562425,-0.9254047188784327,0.8190944292197955
-0.5090471224941576,-0.9251573959792321,-0.9784200566072517,0.7804218458233431
0.07725235983292082,-0.33662016056648264,-0.6954496125629426,0.18813548732337382
0.9827021369161388,0.581656600760814,0.00901581735110208,-0.898956662291053
0.16754915233349035,-0.46605107201145135,0.12419102464784515,0.06858126253488006
0.9759979931740418,-0.20763311909933527,0.6115554133825036,-0.7443529357052127
0.2180675259634501,0.2502672680683327,0.6371411880992996,0.7987368073611342
0.15448247183614172,0.18271022962875128,-0.9376146175661,0.9071576921777497
-0.4556980380399629,-0.3496686003148962,-0.9050989842728582,0.7737867304214118
0.978516914883228,0.15077294052284146,-0.7293892064935255,-0.7847653944980283
0.2265424078434109,-0.8315100816405229,-0.8573595574480787,-0.6641528891208385
-0.6535464102935169,-0.9167306781481886,-0.9423028221064184,0.6735222254334117
0.9569989711693964,-0.15043140444916472,-0.8623891007070706,-0.9703514490396777
-0.8529659053184763,-0.8789398548789925,-0.8809276320331995,0.6887313905068532
0.4646552547373021,-0.45210310810629295,-0.8624164467166995,0.844509728228999
-0.362492623360099,0.3121989371243567,0.35373307241744106,0.9010828833438016
0.9774088878148891,0.4220071563389099,-0.0890740364650069,-0.058067852369757235
-0.7121413159404051,-0.6595722549089671,-0.7584985212453976,0.9762257547722702
-0.05691146396133613,0.14446529325428992,-0.7518609346913377,0.9647294998282153
0.34390804962279875,-0.648341136421465,0.6201721541039167,-0.819066968145645
0.74753073227197,-0.08790149346611188,-0.7647099709405843,-0.6691205715649332
0.1852791766457689,-0.3670528043806864,-0.5927127835094506,0.7584975800090614
0.9543653784995941,0.3996916870824808,-0.4666341316690553,0.180770541085746
0.8567814401737126,0.5750709325405079,-0.7563537099918473,0.674564313472431
0.16583850652562926,-0.6669156513185412,-0.8941998942744501,0.3085463602957409
0.9651545679432113,0.4010313320114669,0.5989048448685641,-0.6774112555778515
0.8207205470322515,0.06146134665349226,-0.9841229392298415,0.8074674568294455
-0.6755161883209173,-0.9768509644166987,-0.9195868883767638,-0.053753440361106
0.595516514634061,-0.42572754882703606,-0.9841490434958232,-0.3659942216519397
-0.21729770632202167,-0.8511901450719618,-0.2874781699398811,0.5182831169355353
0.7675979941917056,-0.27330252562111396,0.7405800949174554,0.12120380341083486
0.7900927184780075,-0.5632826108091263,0.8538786151594044,-0.9679914890300626
0.9642835473183772,0.22070766364438668,-0.5258183633146128,-0.8989542911041033
0.8782948455839802,-0.45099170870543237,-0.6876999330387898,-0.43119341109278125
-0.8824331007697874,-0.9208607976839538,-0.006078014984731525,0.9486945554161552
0.9785509181032084,0.6002085405327982,-0.744097689056901,-0.856004775209152
0.9927499938534775,0.7692271439486602,0.16640436163697736,-0.5412214379957598
0.7365818208582257,0.5770289228510443,-0.7208025925261684,0.5953303701612831
0.9615115872845572,0.5849238411324272,-0.7201374977813257,0.8199958834603218
0.9915138473617771,-0.10772602604213646,0.8083840058435773,-0.9204193092975886
0.16450878043055822,0.07661282036587164,-0.03204202243443464,0.6355133725013883
0.9224263156516502,0.3969460781816518,-0.9681845717053823,0.05327810788449855
0.8758565802765678,0.05553743032463537,0.816758301233069,0.09824874214140274
0.44432079554849735,-0.5867778655455298,-0.9542790024651886,0.480354144791057
-0.011324378104659862,-0.633049785991266,-0.9877684238296288,0.17000167002393737
0.9788344422470764,0.5027788581577739,0.06863763300496772,-0.9486263036710171
-0.5709691841757492,-0.943463065333405,-0.9931962835285103,0.46890689975502375
0.9126724137248626,0.347870965368885,0.6772271709349325,0.03490773293374739
-0.6021637114931873,-0.8275930786202743,-0.8134938552815719,0.5567779961125512
-0.9749789815986882,-0.9182328540197728,-0.9910872175647837,0.956505615678609
-0.26454440447630734,-0.6085065606218016,-0.7306848830821252,0.8868778046017475
0.8815706414099486,0.036431768014610094,-0.9817279063361088,-0.5446314708408017
0.7729714239644578,-0.04497795182207751,0.34377591145590813,0.8390221435548001
0.9348297159947745,-0.04013331993169985,-0.9305928487045068,0.2573498623007796
0.512693184183757,-0.6600426653414847,-0.9769639596430063,-0.490244224947116
0.3135338284553942,-0.6930727627413265,-0.3978153637518505,-0.7259994297809269
-0.5185520270154612,-0.9569982018462363,-0.9052713547546994,0.6859596809511447
-0.4213255680287792,-0.7896543757979221,-0.8884535395358713,0.8352637833701153
-0.7271177574550948,-0.9136301211970362,-0.9903365423434967,0.8024658948041512
-0.6952274359625655,-0.6740160837570608,-0.9624739373168604,0.9922801479512846
0.7836045575340189,-0.48367152754011516,-0.9745291346047594,-0.020429905568357627
0.4280557384994837,-0.623218674097075,-0.4333943494574743,-0.22150827765012762
0.8746612316808304,0.23563633496939604,-0.40361998825983375,0.959683688810808
0.9378320286863099,-0.31378554232249617,-0.9179290708974093,0.10245708420201358
0.45123848297120434,-0.6449133530916187,-0.8226718243912221,0.03568169104169101
-0.22788967608116115,-0.6887187102856158,-0.5637833801008403,0.6853951759593337
0.773030779700513,0.3375532296407579,0.0175208558172323,-0.24051142439073983
0.9292266714837988,0.7619890885010158,-0.549824425172783,-0.25158692884692024
0.1915247089565789,-0.7056037354372431,0.1670909594552906,-0.8521885716560816
0.961107754361902,0.384047201748924,0.14432911179961982,0.24859675638831866
0.9500439208050859,-0.17770749807546254,0.004217073961713548,-0.5895472684146692
0.330828882399465,0.3401546822380747,0.1119292580001029,0.7414936667592238
0.3897826052498145,-0.5638466519348416,-0.8628304477743781,-0.08334330819724602
0.7653315337468969,-0.10816839431520368,0.9917873615228415,-0.6198888259888978
0.9923032194129866,0.29719723439975226,0.8888073045297513,-0.9524297710297169
-0.6023749770319967,-0.8340274769324298,-0.9995532198676195,0.9204377798980314
0.1525123388003952,-0.573949136168398,0.43080710784843584,0.001056594488815378
0.6831649205115368,0.7423824007785089,0.3633685727835076,0.8677156504211688
-0.16475804892570337,-0.6818430369622822,-0.9195739507179075,0.07454843383676178
0.9698599308753155,0.2693948931249738,0.39715699183618286,-0.8172929672960285
0.9905215593767022,0.22369947282633101,-0.6745177577312337,-0.9685992593601815
0.7621665956767062,-0.42898879115831945,-0.5508170565293056,-0.8339191020861089
-0.9207446883332219,-0.9461271862639268,-0.7134799781094237,0.24650045225679781
0.08170611914624484,-0.43877546298073306,0.33918623861620173,-0.5901842568127258
0.9985863451705603,0.8515092532306153,-0.8068307764827229,-0.9175804075855806
0.3509189237831792,-0.3269475987880968,-0.881792565410591,-0.5043336924821047
0.3816977726303512,-0.573967066148751,0.371680052237632,0.5635757026316834
0.9985887819374897,0.37239825276874067,-0.6794464678549261,-0.9981965198954205
0.31840191793319417,0.3000315794137672,-0.3781868233090411,0.8403944616312087
-0.5754784628470124,-0.5383066378169168,-0.12238742337126327,0.928662469243169
0.8833157591406224,0.32505090979003126,-0.8143198923558974,0.4985113137498402
0.6114519207044846,-0.3198917363656177,-0.6736876287800366,0.7004975679880794
0.40085457318688905,-0.45874590400536575,0.8785344156188211,0.804324265849196
-0.44961945544735266,-0.7481006999244201,-0.8131006225422253,0.808131634156106
0.8215579322925843,-0.8120912927650331,-0.9967212458688534,-0.7826999802682273
0.49698829754609924,-0.6891860209851438,-0.8619011952085913,0.03647839595519523
0.9889037855951206,0.3949946346414075,0.6312309010675285,-0.22195865594670314
0.9850764425408409,0.7428081915026526,-0.19873673938546113,-0.8322861909055557
-0.9180460308901381,-0.7705963701795217,-0.7211927174951392,0.9747913493659391
0.9838776630189527,0.7725305640547036,0.8446616723674427,-0.004304645820582306
0.9595622624812891,-0.7038134611635647,-0.8893020489876434,-0.9906935007896572
0.5362469090240428,0.5239762100206437,-0.6815463664738969,0.9349973564139458
0.6245323345578825,-0.4742313320124606,0.18165720221674753,0.32621122192539437
0.02852866755103537,-0.7683742722609939,-0.20593709875383281,0.43220077721725003
-0.31107514657559904,-0.03489268762933238,-0.9323882889671218,0.057885578462445846
-0.10542279576140264,-0.48520525636091133,0.9604572555479621,-0.25162950758097796
0.8597573103208279,0.20359396086610881,-0.978891664632208,0.055435861458313
0.19567339590383095,-0.8345705139546293,-0.6522981127012372,0.21516258354616166
0.9605719089276664,0.5528401282347778,0.24467237666767136,-0.9773702994292139
0.8878161121699994,0.3003682276843378,-0.48680272587401807,-0.7352907463661948
0.5611433992183099,-0.49825060494956314,-0.2434841273985414,-0.1237725394229311
-0.49400048318926093,-0.5118775349187309,-0.9948753074054177,0.947995936672949
0.0535687349513984,-0.09221777631928096,-0.9501020759921495,0.961761355414238
0.17164850453835057,-0.671649026577258,-0.6793529491952807,0.1230586602201219
0.9769889420571934,0.5154954726893517,-0.7529358039383387,-0.5719951988190463
0.6960340465682401,-0.08482744079349422,0.4209026472485292,-0.8177020098280795
-0.15991843754877721,-0.2455502751139404,-0.16203127350680496,0.012586213644015645
-0.405514741716439,-0.31584293060983537,0.0753786197512291,-0.018995392206154718
0.9028398183941533,-0.46909067959517253,0.6794224882786684,-0.022847549204826647
0.9463505957248703,0.5385128949559366,-0.7691111234159634,-0.8721210439024258
0.9871715136795657,-0.39566539052833044,-0.12119782709018173,-0.9652679901603368
-0.14451474216892327,-0.761365954741375,-0.4932917757424853,-0.35428129750263165
-0.13193843991079518,-0.02007365206190228,0.9042978879929005,0.3121125870165965
0.572202972646968,-0.15778087566404136,-0.7947123439955295,-0.6701466548050459
0.21338993646252463,-0.3257870102030001,-0.6746038638431309,0.2189502383332904
-0.5864783715622398,-0.6904098427695323,-0.7070110026069136,0.9534405970805782
-0.2764967379070725,-0.8504081265041424,-0.3881625091462401,-0.07740039665922151
0.9066188279329126,0.07193217551316682,0.7882221947503832,-0.45776588952092506
0.6171090151584003,0.10505197401993993,0.246901787685072,0.13874425997378909
0.9339780778273493,0.8444798902108996,0.6841786415897144,0.09100309521859233
0.5368369792226714,-0.07515811130680405,0.44173889656256754,-0.07382517051665388
0.9025101912239648,0.7046578645755054,-0.4102478209953061,0.7861172583568179
-0.6042188391143758,-0.6125206621583309,-0.8806305018310031,0.9811469493312562
0.8620044166743837,-0.5601579827652956,0.36174304674517976,-0.9716509705183186
0.7892331716036989,0.4881929663922688,-0.016362862409941534,0.4043225875851673
0.7962702180896178,-0.3929344224159206,-0.9665481725643744,-0.7448942490289708
0.4813685816616155,-0.4052780366394072,0.6092233986528941,-0.4173719304743871
0.9674830634032521,0.05918322947673112,-0.9944914281746781,-0.5918409718068761
0.9390560585854149,0.5914036341217909,0.8947885330679767,-0.3554349085309643
0.3556689831274666,-0.24617482736018018,-0.7950542979570634,0.29215375048350467
0.9805507448437881,-0.38969038902910613,0.3224358817346815,-0.9856666364524873
0.8593578832291239,0.201429383368897,0.12353864436560963,0.265967590624193
0.32004697328850723,-0.5352980915957279,0.2412950610983177,0.23423541198420283
0.9454754814758332,0.5171895955244473,-0.941760623685491,-0.7957451824811201
0.8560461053606678,0.7713620132581038,-0.6165490195742799,0.7879221512357644
0.9858981679974418,0.27734855771407596,-0.8899488697888444,-0.7877817646699602
-0.5881935765765743,-0.8117134762297317,-0.926764497859013,0.8284336456572521
0.5471379932239214,-0.30721808210095075,-0.1626501226737559,0.6620243691877753
-0.5001948912720728,-0.37815973340372544,0.37552296338328317,0.9108470602877953
0.9899079841976907,0.3909542084776377,0.7814015028019871,-0.954643619474004
-0.09594878311508581,-0.8997457793016619,-0.8483296921787099,-0.38447287894636123
0.35255379219941213,-0.06861262636049235,-0.4725268569464879,-0.5021178537056076
-0.30678000399712274,-0.7380259944518636,-0.7068968903845515,0.24388660428601266
-0.6740028648569918,-0.639319720687059,-0.9939405633062007,0.882295702152405
0.8073473403690784,0.05037470168763354,-0.7952043290597497,-0.5607160319026103
0.25508502801181476,-0.3993064588269757,0.9549903921135668,-0.3866687798813134
-0.24823589754598824,-0.7959026990484264,-0.6449785334151787,-0.18969225433957332
-0.4624918249160397,-0.6111285160615072,-0.9627229609672068,0.8574305616553813
0.7963608727324797,0.3155102490891908,-0.9674518322949591,0.1687224947485263
0.7590026637510597,-0.45817718801205914,-0.7332057747652352,-0.46777721729574007
0.35831702048294506,-0.340495598270068,-0.869451387588605,0.8836611107356248
0.8429637584145251,0.2897194440414116,-0.3534621936654714,0.25163450976903945
-0.8341786474417044,-0.4615620144511384,-0.9592367419949266,0.613579127863153
0.967542044083237,0.8171064362734461,0.5813907272441012,-0.8324157519023637
0.5351808700670805,-0.16382443452013185,0.37847926923464714,0.8216775297187914
0.9865995501328056,0.45525476169832485,-0.19885568081588895,-0.6956353471328602
-0.6838369401493142,-0.9530418989354104,-0.9994663536682603,0.4857533819829705
-0.8827298642403724,-0.7728400321644542,-0.9931496046059382,0.9885348964582955
0.35568078790355834,-0.44235723866573856,0.910262958269336,0.5004698905321012
-0.6128449508329182,-0.7662445323589429,-0.448782688824712,0.42421112234171066
0.9670503835846901,-0.032934487461172605,-0.45597684677397105,-0.7423074243445553
0.9532545095348354,0.7129117107744443,0.7316075919739905,0.3204601698516152
0.23988947121689003,0.4248485901263403,0.41536017530781516,0.9448148122927651
0.23961186084662703,-0.8084892939807149,0.5344306592090762,0.1833909544129541
0.4024494618782681,-0.7005840853347104,-0.9662739603265932,-0.33496944157968805
-0.4359424043076432,-0.7438383900132967,-0.07754607840951645,0.5729009446868283
-0.5375589124299053,-0.862385108047654,0.2638582820452063,0.38450039403168074
0.7867176539594827,0.33204821935497203,-0.10414460532991322,-0.1935895046839978
-0.05453033165471805,-0.25477908643424674,-0.36067433628050055,0.5588253926568273
-0.3299443941643946,-0.6854628523694557,-0.6311099707277061,0.6035160546334774
0.9971984778017954,0.9520229413020819,0.88548517185969,-0.01621900534867256
0.9867376478100173,0.10078077848397432,0.07446645704057615,-0.963079020151884
0.8958747304070681,0.19615836692099156,0.5182611126348292,0.23551806278061663
0.7071317512206133,0.11574529955412668,0.675460426458498,-0.08586892380814161
0.6439900836583601,-0.5335871986144566,-0.8832950287700582,-0.4550923712178061
0.6987297644276619,-0.11591234588861932,-0.8667630792476414,0.6926177377387024
0.9138128207073254,-0.4157579800492889,-0.16319672913161762,-0.31428690374352347
-0.14694374317138664,-0.82365417958434,-0.9439534205156085,-0.45656249513187747
0.19030532505967274,-0.17390910045585944,-0.9929857336266451,0.842630724766244
0.8839887492040925,0.5874237849096186,0.7080217162715015,-0.15487799115432932
0.9867466913555707,0.7432373730617811,0.7811164339112486,-0.7218796282326067
-0.1553275993097971,-0.5742896510158302,-0.32754160522377246,0.775297277113787
0.8215594585202456,0.09976792744883133,0.08294828152009001,0.018932121877354158
-0.7849542159168922,-0.7065777835267958,0.9260836246600003,-0.7921475850149274
0.8538111756320719,0.3041360532772091,-0.21119232696850765,0.8877839037789997
0.6398919981191966,0.5357577818380815,0.8892224260743299,0.5042046000209689
-0.22636015382605992,-0.9078866870947965,-0.979066637642138,0.3622625460580501
0.47280415025996825,-0.1614295618887726,-0.7185176333169293,-0.05578448201309224
0.6793756116786859,-0.4966534624476377,-0.8556020974309815,0.5543727069370543
0.6610944642421216,-0.2721607581988644,-0.6092798609879017,-0.30391957269296477
0.5578371493740196,-0.46017639618599865,0.8960745236296607,-0.425262010667264
-0.47310960598962876,-0.3646566108650025,-0.47390383556178656,0.9609252731658592
-0.7104530937679263,-0.9806342496402437,-0.9865918002367855,0.9748858560773782
0.91915676473918,0.056329188655486986,-0.43531438074321727,-0.8598610299344207
0.9468459860463746,0.5376406393668115,0.5987668723464279,0.498795394361991
-0.11624039846998582,-0.16425879360478318,0.2979812538743023,0.8139712445190724
0.8546057319046985,0.14712448631646233,-0.9121342984593955,-0.8795209477074614
0.9731644679462219,-0.6200837325746915,-0.07577757408800591,-0.9721098449095731
0.5006736124563653,-0.3194147984183362,0.5733982275918379,-0.15825213176566372
0.191575311189509,-0.8903518018638571,-0.8788881560814951,-0.7630992738642582
-0.015981217182985608,-0.6951317309819134,-0.6020564444534505,-0.5679768184513007
0.8735788481082777,0.7556819799500661,0.8381809348323537,-0.07179629170227966
-0.5061904233522886,-0.548736167017606,-0.6887494761705184,0.8942990659149763
0.8942418016117056,-0.24555602983831182,-0.9245571063833319,-0.2383661074337963
0.8908826445646002,-0.7265950831957594,-0.5178847509157724,-0.7680361305595131
0.9767231801469115,0.8015317064393424,0.7681826001789088,-0.3314921670448148
0.12688641372217188,-0.6777039408784427,0.5586283107995995,0.8419385781540616
0.7941299808276305,0.08276991162399414,-0.2545510392799549,0.043739866474429845
0.4172469564129386,-0.631374073803531,-0.5868860018318544,-0.6664864409024159
-0.8195496011785887,-0.9809274937905987,-0.98555660384159,-0.6651184021651341
0.7647540496626486,-0.9073837585610941,-0.9707868313586036,-0.5688814452017299
0.5675876388999123,-0.5307332542531743,-0.8423050680095588,0.21888672344387614
0.8346151255265606,-0.14161360733971048,-0.40532681296731715,0.06704072622601732
0.07159889146971066,-0.8777534587112144,-0.8106713535638033,0.6103395270300243
-0.2422018579409029,-0.6207207902254362,-0.8212885837213219,0.9774281519860689
0.3138426738396266,0.18387964209085597,-0.34091953108081463,0.677391945561631
0.976525900405343,-0.026032170571175337,-0.9292134781770996,-0.03663995356343594
-0.8887087946682238,-0.977006908812076,-0.993105537567424,0.9724479299258991
-0.14973055945270877,-0.5239951243348754,-0.967538618224104,0.8846712106357243
0.3741240527349442,-0.17517269383815529,-0.9525535317754272,0.9138545216885199
0.5466482435931324,-0.18206907183441398,-0.889819692446082,-0.15781049863916105
-0.9401731253760875,-0.955192518936982,-0.9978704244154531,0.737921580000441
0.667110366588287,-0.5359831338033617,0.2873138999152634,0.7292682139076112
0.8759735565785306,0.08959687793983212,-0.435515862200753,0.5957903426722851
0.4348227827439191,-0.41277466691513387,-0.9765959488465525,0.784507051216161
0.9536166031350188,-0.1507363356030359,-0.9494147882415526,-0.2075121568591322
0.915591772182228,-0.06522258177792453,0.27279024044092753,-0.7563148478524724
0.9886786608366381,0.5832819314926626,0.7929088217102571,-0.839488927608933
0.010329748507613335,-0.31629143561595474,0.9641285348102631,-0.21112623680825335
0.7723005214519281,-0.029110398008605633,-0.9516794370429319,0.4883262776898808
0.9794247989250089,0.8382298041495556,-0.17319108585776122,0.24660112648992413
-0.15428958123186196,-0.9126875063577098,-0.9592889885087347,0.2856372891801404
0.9912368035363591,0.19644114416104186,-0.7661819455883081,-0.9083855319257057
-0.4357965253579178,-0.7948939151536387,-0.9607804831485681,-0.7265775661912403
-0.6036661535123671,-0.5397900535743498,-0.8532202939253224,0.9608006230339042
0.3422794002888353,-0.33783474149160636,0.9588447414261931,0.4838272482275319
-0.7469512620467359,-0.7826098759630367,-0.6819245319347641,0.07923703779105538
0.630154369966495,0.46064391075820027,0.14242439586832822,0.9437468111691036
-0.15132683497048835,-0.20698463064001132,-0.8377165810833589,0.9190979212869717
0.8206909678715869,-0.5523648014477935,-0.9660601265777777,-0.36985450613675785
-0.9402475521270593,-0.8979373321326709,-0.7353428874180353,0.9621512517556453
0.14271935072494796,-0.5279415089295806,-0.8375766913564975,0.9455316953960803
0.86400285178721,-0.6383127118818213,0.3541822895049573,-0.9779410052992966
0.9726890966791762,0.8241886219298797,-0.924341753420466,-0.3840587457806631
0.3937498697981951,-0.1000331338259712,-0.9035465169561628,0.6729187687148651
0.5617310300355188,-0.14034687982990401,0.650926944462515,0.624592842681586
0.7730173149005288,-0.5691305456414709,-0.8691716200056909,-0.3141790467593509
-0.30998367909841124,-0.7837853911784692,-0.9960222478561885,0.9352197917576363
0.6900972634568724,-0.6174075517726606,0.741684936786499,-0.9741958325373249
-0.6680626466350269,-0.8139689258667937,-0.6227581321788734,0.6403445691118238
0.9288707632035492,-0.5738005589251708,-0.6251436077083076,0.2757386343353088
0.7471168974883932,-0.6449811038685519,-0.9949780426099705,-0.7180205553350502
-0.6581129342382115,-0.9300323770071407,-0.9755152903796113,0.6826644510732809
0.8276333179671013,-0.06622906215386426,-0.7218100896941035,0.1416743264346576
0.7252623490439317,0.20379098913508545,-0.3302024346689012,0.4422108198325195
0.1511092905504438,-0.8674088033518743,-0.9971728504802158,-0.24642401072013373
-0.6517047108403943,-0.9391426814301647,-0.9987633478568839,0.8057047672625738
-0.9646113588019138,-0.9376897794902379,-0.5047612312790066,0.9506212839787912
-0.2481395998818954,-0.7862848725613389,-0.9964372689302702,0.9941768975773069
-0.8169063900115452,-0.8518757472284436,-0.9956005008273808,0.8820275452665781
0.34356003390938683,-0.27629341870993773,0.963725267033949,-0.3895259756168509
0.7693315558318832,-0.08201537618597204,0.20634813294804105,0.7378882143968144
0.03720688621785289,-0.7057338241628675,-0.0031406177913521176,0.0852218320650844
0.66292787616894,-0.2368361197535224,-0.25956715878280634,0.34168871712137733
0.986164967592219,0.42630647188576276,-0.9847611484105687,-0.8174747257401481
0.7863380310500012,-0.47002739878286776,-0.6935822643378432,0.830951861809898
0.7182465170952932,0.523309347753587,-0.5720529609046692,0.394552515860619
0.611604213851652,-0.2627792757805012,-0.8356832228749009,0.6996738694643955
0.4010668189237159,-0.9117817637828017,-0.7308658229750099,-0.8564035717759249
-0.6582791783780548,-0.6950254838130576,0.30751433543616385,0.5272955143012179
-0.8835714940716329,-0.9514870160371006,-0.9951831999932365,0.9059370761064641
0.9543908300081666,0.336949372186692,-0.3471274749580097,-0.16657703535920398
0.7979281114495397,-0.13720839689373987,-0.8745967238487755,-0.6786552720527066
0.9891713238038629,0.7244297218869508,0.43696078838953034,-0.04804517133428644
-0.4947277604380944,-0.8555088523640257,-0.6831349114722793,0.9609666103222689
-0.38998600696964797,-0.6423297590202395,-0.16159246387900286,0.8783036110782761
0.7864130091764291,-0.4377275773671155,-0.08038537418547127,-0.8382529045838971
-0.6890046746493536,-0.9024028648071314,-0.9281539714330447,0.7784053960547116
0.8691885628210593,0.10731849398718998,0.5875710781689762,-0.8328877211947395
0.6785454703447675,-0.6899604729218028,-0.6501562003411453,-0.8880130468767459
0.8460242740706541,-0.7962674078038866,-0.9837544298696175,-0.5010088197231533
0.43989275927340776,-0.8452521390727101,-0.8302957493053572,0.21378043022424134
0.4568480184023957,-0.7006438084088583,-0.9124188202273531,-0.27833890153893276
-0.46458847034576467,-0.7407639886667602,-0.6016386167457174,0.4370445790649036
-0.2370836936057325,-0.16033107309959774,-0.4623746550575896,0.1397333694868467
0.7372676015325534,-0.1857460949279477,0.5403979428454363,0.3899642043606756
0.8277826800892915,-0.49493200566839485,0.7907232423718058,0.1797924423475534
0.6450329453744997,-0.024833088139260415,0.00840221909734245,0.25485867777065974
0.887886846803531,0.19841086081092033,-0.4201512007723377,-0.7489066893312657
0.9603627297770526,-0.13777695074218635,-0.9132563634013682,-0.5677398724965771
0.7720470179057767,-0.7434565805164,-0.9993348974500066,-0.30724208390972285
0.9065630631106331,-0.19745194979259312,0.1318791348771989,-0.7290516155123806
0.9453406488313718,0.7108803614002503,-0.9912264125578052,-0.41995372182936497
0.9810137848444392,0.8217901774473049,0.7593962097834868,-0.7414117917227511
-0.1697645863568522,-0.7956261568636945,-0.1475635231472025,0.49743681192331096
-0.08436478162060364,-0.8054910250807096,-0.8149396494373777,-0.7850553078703791
0.5703464582113137,-0.31229810126110064,-0.9433248157346019,0.6916165286498286
0.536183445755161,-0.7814341302385112,-0.849255831838316,0.3551086542121315
-0.055864679026305736,-0.5625749834667536,-0.784927128351904,-0.12147136761732577
-0.15983171311338842,-0.5101091307736562,-0.7631177072225196,0.7046304754028563
0.22705085284543283,-0.13318730939445342,-0.9966622285533975,0.9346057138945688
-0.16953586053208866,-0.9257340768033857,-0.6218556742153637,-0.23538723679476156
0.9095254422736743,-0.5252845985753595,-0.6750890735155012,-0.8814238833459254
0.7912624218405495,-0.5034064623132216,-0.40659111740763154,-0.9151226205499848
-0.334869859377491,-0.7976434704843062,-0.9032966022565561,0.3929768356720145
0.933706431624903,-0.271750195305835,0.11890973235988231,-0.6790275808001174
0.12025484323886051,-0.4642427174039291,0.1974924011013115,0.42537028926067
0.8218995219511493,0.05142423110748596,0.29367332432399074,0.30321072330541393
0.8744885573736856,-0.6707414745416509,-0.7485392770708535,-0.2500975415903122
-0.5131817425212591,-0.7759293958447505,-0.9920444727537518,0.8211419607560748
0.9438828066822319,0.715821694413182,0.8868195124476651,-0.3781916022233784
-0.9779995109806671,-0.7605601149757624,-0.38329319865776684,0.9955806177912422
0.92012785493464,-0.07894076144037698,0.9601857822096643,-0.7107363783578456
0.26420087313723717,-0.009404327944928417,0.020726811269079357,0.6538521531484389
0.9158550795301816,0.3721299045078917,-0.5773990508660962,0.2865974690050911
0.4876307389760536,-0.553694148713573,0.0787391987615673,-0.13975006840345547
0.26877818917924917,-0.18035296770265902,-0.7397999365005972,0.5018758468015594
0.9423526935065217,-0.5509679597315772,-0.9987900149126142,-0.5822919123715643
-0.037144551042966094,-0.5899307423102107,-0.45194954376065755,-0.014783077254789908
-0.24456372416926297,-0.2545436401426565,-0.9475333105938595,0.9974017470844565
0.3159108589264986,-0.3529710404552661,-0.9591370395523923,0.32660270987362744
0.6160948196988023,-0.3376131635276865,-0.7555947947930807,0.7264898545998899
-0.024427707917600617,-0.47182926838536204,-0.9681551237221507,0.8885975538335229
0.8740439454879904,-0.32297584582046873,-0.916512365828997,-0.20673594078638113
0.6802911400713861,-0.4124879628944633,-0.8765476950365715,0.5337678740789003
0.20515177993581968,-0.5417644381998572,-0.9642681604141231,0.6494673843647372
0.9913727648477136,0.6005721596722046,0.919670956121085,-0.9575677738953708
0.9509575614220923,0.28994172083825825,-0.8435952667781712,-0.7739787721035384
0.9349722905489823,-0.1731794486550669,-0.04906537402730717,-0.24367276010185707
0.5999258200117892,-0.4517273590470723,0.011550362131837192,-0.9117427063230693
-0.07791171153504287,-0.719027733073863,-0.7240920800332844,0.8574353399623833
0.26786131121624557,-0.8104937707179686,-0.7838525818487505,-0.5193886591599447
0.519904440404496,-0.6951912656551371,-0.8470094887869327,-0.8576155520772449
0.9496301840281142,0.6377417558626207,0.3621813125241906,0.7365596404090168
-0.5824190950544997,-0.3923072747881543,-0.9789845510075921,0.9087837766501347
0.6557508395971092,-0.8269783449806255,-0.9748635727651981,-0.5689019717115839
-0.5816946020909286,-0.1842475042716896,-0.5589961276452203,0.9322770483781523
0.6789131132016415,-0.5271207080860997,-0.5376660156341584,0.3612276481753824
-0.7396891460931463,-0.9427250733203502,-0.9869596582379869,0.9762929830343259
-0.041469147610294736,-0.5434166232353483,-0.9912271818832058,0.9277918575572439
-0.008143083444427105,-0.5489870063312211,0.8568513300018079,-0.8781578748153442
-0.5535899891918017,-0.8664763550317829,-0.8166575705976344,0.9404491775744606
0.9901251565568251,0.6835457064086387,0.8480413881267806,-0.9438953867046153
-0.2264534890235636,-0.6783988773985911,-0.13670129732985206,-0.11399601852621795
-0.6780758451127578,-0.662499539909078,-0.8861765828359087,0.7719459697771852
0.9958781657500057,0.6287028999509591,0.581701791725339,-0.9673317129738445
0.7554037050729463,0.27396172107355476,-0.6843934320954992,0.6216102491615336
0.5379356718685269,0.22311996010191504,-0.4003321837308509,0.6407219327615588
-0.5061142402217245,-0.33569632153536294,-0.9122539540050524,0.8117679724194559
-0.9641228905580865,-0.9234966705233184,-0.9040128740956065,0.8288258157919994
0.5989797211549298,-0.558102645650837,-0.5947120591815483,0.8367084169795761
-0.3707154077960565,-0.7248377407081771,0.6677122004529203,-0.21601246975757585
0.1186003329259218,-0.2009713928156331,-0.29364575908236845,-0.08167056502165831
-0.18172342864055305,-0.760019761326882,-0.9658392561346617,0.40713614655633507
0.6334426002672396,-0.5440323459744201,-0.8644250652776837,-0.7718335707741852
-0.8132842871221153,-0.8055071186888437,-0.933371842857698,0.9926650164666323
0.9457466688012128,0.6032346633406219,0.4602024413422555,-0.7521033466494741
0.95646556489234,-0.6862962407067873,-0.6602577415393613,-0.9429677493168339
0.4979758025716926,-0.48340163886708304,0.8085325601751003,-0.45980351588461466
0.8700259447931583,0.2979653797539818,-0.9692677404753787,0.5790872464831515
0.7208469991326252,0.0566443354924809,-0.8071771297572933,0.30090580134265504
-0.5333318161473042,-0.760128844895912,-0.9515634639682273,0.7645238068628267
-0.9741453974164651,-0.9784529740374744,-0.9904960612956824,0.9850041139465554
0.7722004511449133,-0.8605449533151779,-0.5707336169109674,-0.765957939886596
0.8617054852684397,-0.13939083841241423,-0.4658951731831444,-0.8127511397607999
-0.6054361199878862,-0.6608732963200481,-0.8523160417186249,0.561426242254958
-0.8084855545875279,-0.6016965203782704,-0.9472494930984657,0.6515875078323063
0.898782422860058,-0.07775019872483588,-0.9046471015880189,-0.5799224154612391
0.2152089673099926,-0.23382109830985887,0.9426945082452852,0.1830513829925365
0.9852431608341498,0.41158512919629786,-0.45148403415047883,-0.8091338444031724
-0.37547168409153503,-0.9351093260956268,0.7961795956056228,-0.8361073247618173
0.8832189907068402,-0.05258654211081597,-0.8598653678951776,-0.8633011697020301
0.7253824556614314,-0.028559321407274962,-0.8441848899703275,0.9757708736404654
0.983944283419521,0.8201674529146343,-0.9873919683903829,0.11039529264352588
0.4896270692885805,-0.42347676710246585,-0.8834435625192733,-0.6084884935742818
0.44101562129059946,0.20475651831643724,-0.1807193184579937,-0.17683512485865754
0.9274181475099053,0.35727284389808844,0.7466036988462809,-0.042922810649591685
0.993966060364789,0.17424256468410765,0.40758383740599374,-0.6604991307046628
-0.03628591486472135,-0.6475722528644402,-0.9552923188265329,0.5352306134029496
0.964024469573391,0.4165785041138601,0.25728873851576634,-0.771211789848645
0.4808463659383536,-0.16153981163317296,-0.9970001160471803,0.9942956581724787
-0.9486173697356679,-0.9572479975640052,-0.12164586394163594,0.7000757240370888
0.3668732132925507,-0.01277757164265544,0.7229300100098006,-0.2422708697258293
0.9468078179523501,0.42243734819925555,-0.3212062445509205,0.6029481515454534
-0.7473188051618773,-0.18865102570194164,-0.8251872202618735,0.8662281759413041
0.6068086099139514,-0.6242332955877588,-0.8679855261818281,-0.8623863525849463
0.6891533526951514,0.0038182257681706553,0.9742958821285446,0.6080285237154285
-0.6416611914180964,-0.8669780493188176,-0.16986335917081297,0.5144003558430823
0.9975400666332453,0.8359040738435983,0.9811400420362816,-0.9760169768356491
0.5702577417483599,-0.5743867238618046,-0.8329070130971952,0.22760895013312438
-0.2503657671706911,-0.4091340191455795,0.7456714658596437,0.7914492202369918
0.9919681652922929,0.33848865538646944,-0.9210716046013016,-0.9715648723419996
-0.4414004477503335,-0.9344749437632159,-0.9949894682718154,0.7232430197498657
0.20452677146170356,-0.8276763117124012,-0.9991167128726606,0.9833477743143824
0.8962619000097894,0.058532861187005285,0.6270550116784215,-0.9884571353361119
0.9064438203174793,0.7176361532843241,-0.15911750936839653,0.5782141812434874
-0.8427071627012861,-0.814791973602848,-0.54808707290166,0.6378546477316768
-0.5909744284558683,0.04892220555405058,0.6704597576296162,0.936171739007688
0.6567599254440396,-0.0172408006847695,-0.9854794093251505,0.26517651231484507
-0.3589470492543775,-0.6853611334232357,-0.7685391101981889,0.5633664034917065
0.8208679914565171,0.16727549928804641,-0.3845629497506478,-0.37265303748130363
-0.13589903650558,-0.7192904606432958,-0.9072903418386381,0.9716944490859676
-0.4279749931658189,-0.7746574349762755,-0.9172977517638063,0.9729002869208077
0.9370526276576748,-0.22785395488925725,0.07333434008760625,-0.7584842718780074
0.9409264243649508,0.04961207143018176,0.6564273192025499,-0.6243495941976903
0.5871032575375404,-0.521592409352473,-0.6404641459647442,-0.396060895607443
0.3434646405848336,-0.6969013746645447,-0.8872256737723243,0.30741970679121516
0.9958012170931313,0.48563535717935574,0.2511878199381354,-0.973919888387705
0.1669431565637779,0.06691619352117686,0.9201290361323154,0.740668681731287
0.7162339479620919,-0.492170164225099,-0.46004435541629485,-0.9192193882856702
0.5430104678924681,-0.4465798441525206,-0.7736212809565779,0.3563288250475986
-0.8941765447741853,-0.8852320435170667,-0.9650683257507968,0.995913890701183
-0.7915787270319657,-0.7438483487052832,0.4102510622142375,0.9673028148348105
-0.028172764093356926,-0.6072404597457087,-0.9912831791368829,0.5793544462128805
0.7849151093292803,0.16899736045587407,-0.5262517854911485,0.7716559833999916
-0.35508695424725045,-0.8158984975681567,-0.34748102028446687,0.6186526071976262
-0.8190371576799255,-0.5409961954383772,-0.9316939275584877,0.8938907422035542
0.8907808711723997,-0.560234193706135,-0.8027937125691399,-0.0006589314843591858
0.9980589797848963,0.6903141759432018,0.6374320342503724,-0.5212505950685641
-0.27749694905117445,-0.7375299670798416,-0.9963551144770839,0.29128008823739143
-0.671197328911781,-0.6548464275517285,-0.9944574728149445,0.9249117340191896
-0.21120921021571418,-0.6534137760375835,-0.7776559723671639,0.30434838846419515
0.9476333509958837,0.6230631410090973,0.6896758987546753,-0.7489129329189919
0.95384065321993,0.5463218050701004,-0.14261936743746412,-0.4004320033998467
-0.9746107016360882,-0.9356759052988665,-0.990766721657686,0.9879864884670526
-0.15384057461268844,-0.2635297353491009,-0.7058727820434891,0.23079895820159016
0.550354336427614,-0.3159031129252818,0.3202097758222502,0.9290509978273308
0.5131023709629443,-0.5885551540673011,-0.34297202920961606,-0.832601142840849
0.9291242211539985,-0.23424320915382915,-0.9846813038835414,-0.8448267713895754
0.38953216248583067,-0.35934979058288974,0.28016139957112945,0.8118062552683686
0.7185879636655821,0.4724469112569692,-0.2103505157620783,0.9659204090214144
0.05181521805156132,-0.6862639365685175,-0.5840828812424872,0.42380302720817387
0.8769626948778506,-0.35974622565937836,-0.01950562951017983,-0.8835668740686204
-0.5935533589179361,-0.8986594250200204,-0.9688640765944244,0.9384983518593943
0.4924930180306522,-0.2720971277829165,-0.08117729107958234,-0.10372133054092679
0.06746401261636362,-0.6517674872667387,-0.9583770462457009,0.7704989094602775
-0.20808638513699212,-0.6991401440312504,0.4018977038983277,0.566661723669379
0.8771908536415893,-0.4245670755478788,-0.9867636181586995,-0.2675957389385793
0.8659046467272576,0.22594994712905453,0.5098749217142705,-0.06953195279021672
0.7283259833475019,-0.7146046569033879,-0.9590020956765286,0.4435170646490529
-0.9839917623283669,-0.9324670635388737,-0.9728364262103967,0.9590796343318545
0.8822198568492456,0.3628456420822593,0.9394201961492945,-0.6960269362118895
0.05865286136122086,-0.7003953397583765,-0.8743222612688639,-0.7095029855378724
0.27947159901321866,0.13646260253378234,-0.6748489667888027,-0.29268375881357095
-0.05010732711570704,-0.6912976346308898,-0.06251766656813057,-0.08281291261298329
0.9019273416576856,-0.23394367765139987,0.08184884115724594,0.30548755970444263
-0.9072360077697204,-0.9432399891347184,-0.9736180796682239,0.4311433409174508
-0.7788332563552464,-0.9709507870075478,-0.990538675449819,-0.06118526181438292
-0.8996466953693146,-0.948602477850224,-0.9712110253977635,0.36340761989167886
0.5813173509863647,-0.2974728413442346,-0.5475607078753061,0.5188023993903489
0.6611035477175451,-0.7044764448060717,-0.22539600217985675,-0.48829159658558097
0.8116177913592053,0.3147029614205192,-0.2881630012713055,0.045856405185099876
0.553473011552035,-0.7497265732417064,-0.7182760143304164,-0.7418543709292568
0.19187871343397414,0.17543229618660658,-0.8396913546202746,0.9231020489549338
0.05590796169840957,-0.17545890065843886,-0.6896172266853432,0.950094958061753
0.95863743802872,0.6579628727725256,-0.8163984980586216,-0.6270958456615543
-0.7543000251705047,-0.5220715202849091,-0.9604048556665633,0.9859733946167208
0.8235535757769612,-0.06506593463167348,-0.10679416383606583,-0.7103387209084935
0.991068380011234,0.7468732258300593,-0.8563688906115762,0.2589627521458558
0.6393049913957018,-0.45663794974328953,-0.9981194713239231,0.8614044476962281
0.35907370016952733,-0.17950571575268,-0.3382049990692779,0.06156957759555902
0.915386156550008,0.2371997150530447,-0.38816713457080193,-0.9209454822787261
0.7975358786101315,-0.30207107589650456,0.8964240930003028,-0.1097330144401044
0.43886389709691326,0.4305916386374472,-0.7240843147479318,0.20797115725785245
0.5634433949221435,-0.692058982259745,-0.3687861257835185,-0.9043976899782754
-0.7996803697126889,-0.9024119480153537,-0.908325010689293,-0.07852822119980633
0.5140323895331079,0.19331644206667273,0.6359202539035915,-0.6833407991960684
-0.9210357037417312,-0.9787706711916266,-0.8287981583922462,0.801176388485482
0.9675131401038819,0.7192365118004126,-0.7947778598066004,0.8005377787296488
0.7960494004228618,-0.25851158044688044,0.232086882877205,-0.26022692589521407
-0.5780641497154099,-0.20081307887064095,-0.7516126794765703,0.9614161795451664
0.9601825232132714,0.6853911574011163,0.7722736790885543,-0.8349364065077475
-0.2562560315389276,-0.2822882499851529,-0.11125687514729994,0.8152783239558502
0.9338877907194744,0.03831019552131597,-0.9639406046285319,0.220975721349351
0.16858632976853574,-0.3808147735341361,0.9903031607705395,0.48064714156902416
0.42190695545921053,-0.20672044548260862,-0.9977681453278029,0.13632424423090198
0.6067371478583745,-0.3679511795393379,-0.9470828207317564,-0.8467351097715334
0.9788915152501491,0.017678689108986775,0.3857205717382251,-0.8606910785945148
0.9663223854997713,0.5086536305282704,-0.30199469057252326,0.01035527236073835
0.261521590803436,-0.6225041102919915,0.5463926154215145,-0.284193499318685
0.8994928002785414,0.20833002978081058,-0.960346299663594,0.8101056031109666
0.13060891886970785,-0.35127486670436553,-0.7929119476084675,0.9258376888301274
-0.7908843977637287,-0.9223939512222772,-0.0730782445093884,0.796191337139915
0.8565728229948059,-0.1474659849449557,-0.4237268212926562,-0.7885151701146851
0.9615588138266663,-0.4741055196280503,0.4186740759040122,-0.5535925378738934
0.5991453435984057,-0.4812365478390178,0.018628686235631745,0.8170928017564335
-0.9156463234603212,-0.8066590449890246,-0.9479852391344464,0.9146683596057971
-0.6826708710170288,-0.9393196744507128,-0.9477600774879751,0.7697011215161735
0.448476956084042,-0.15003385648039105,-0.47630170098530766,0.22183540988538972
0.6902230027686695,0.05178391635652248,-0.7540471417440682,0.5400394093636826
-0.09705390041760388,-0.6367117507350032,-0.9868923188910041,0.8809535225233247
0.42290669486929683,-0.3681874085919803,-0.3282351199050089,0.836308589365003
-0.7463688053911168,-0.9064841548484373,-0.11276836454554236,0.41540354182035194
0.890718778354498,0.2211642014186307,0.8717733871104767,-0.9267398795599863
0.8814345225213538,0.4603433484521128,-0.8342195656924495,-0.4246796406538461
0.16541865196791986,-0.5935027342355277,-0.9888654253608375,0.3274313005098926
-0.983667613539358,-0.9777182188335446,-0.9660339617083904,0.994587348406275
0.02221252043980752,-0.9481034580104649,-0.999522061287443,0.8173550768203306
-0.3638951241064853,-0.4637586855744424,0.03200949288558929,0.9751146777559414
0.9587134939198416,0.5403704600274453,0.30323667001012405,-0.8776936111844266
-0.1557147458548197,-0.5790117333200091,-0.6837774555737485,-0.3419056784266321
0.11274617611222254,-0.6525626328410142,-0.9926064230636231,0.7846996540567382
0.8185384434544858,-0.4526228347127417,-0.9871781807760495,0.6341288143114627
0.4408255677167321,-0.5238717949336765,-0.41306113537202627,0.09017539904643049
0.9946252691878467,0.7886267735929693,-0.9812833834295368,-0.8556776230031715
-0.0699581194081092,-0.49061702521167516,-0.7597617390192551,0.9704141549978926
0.8779715596907309,0.7478694180328634,-0.8532807422814388,0.9482071986245448
0.8167345340054377,-0.444599545347814,-0.15766873975567944,0.42231949564821947
0.8742947515652534,0.24830013965510775,-0.9901867652010046,-0.1060875715237827
0.9500725806547793,0.026968120406108687,-0.32312082874708414,-0.5792251059849225
-0.5834217522199142,-0.6806091267284579,-0.9593421354935197,-0.27470725248055533
-0.7537714512642426,-0.8919409850936423,-0.6956076748198278,0.90672172751016
0.9976912186611367,0.7797429867576271,0.6621202921251711,-0.9778703180313794
0.25521051953690316,-0.7654721802145356,-0.9954145866968976,-0.6464003571036907
0.5978709885551422,-0.2581283077040463,-0.6200314334042926,0.4772752542567825
-0.8719326862736985,-0.9220539744581768,-0.9882039998413141,0.9469206236716258
0.7133296438521913,-0.5721709765386431,0.2841240087683587,-0.5639899420305275
0.13242072371679972,-0.7560263005473129,-0.9112089632488972,-0.07800063103927377
0.785415905754339,0.3079497877493149,-0.8779298263369752,0.854563080419617
0.5374833904215679,-0.7661974055605685,0.2372724488719716,0.08797327477082176
0.9548090603529489,0.49796990342988984,0.541550290942021,-0.6420920712293336
0.5850553621612924,-0.2240141219380713,-0.67713506844299,-0.45310597377186573
0.31154912579874955,-0.6738564533177406,-0.9532003278027026,0.4621535612601845
0.855043513705803,-0.5315928657118866,-0.8717267832010174,-0.6610484678293694
0.02298828225382734,-0.8123764093661032,-0.054791630154574486,-0.7713235505119944
-0.1839446729112769,-0.8847480517900482,-0.8048878488546369,0.1725966756814361
0.9240469640523666,-0.1255221163570921,-0.002308276769963486,0.05161006159784035
0.6590452129977075,-0.004123021882066778,-0.8815239189676065,0.9561850765645648
0.03584320275256782,-0.6264251889178036,0.24007317029968958,0.7999783681780549
0.3782332207230792,-0.35451351605197495,-0.6074799602006342,0.7114852232576546
0.8338699340438531,0.17889249697157086,0.5965731888600945,0.7432464201671244
0.8923642115384975,-0.02243440758743355,-0.009168797161262114,0.8485736440325085
0.742090046455202,0.3601746793380916,-0.37324247544612854,0.7561934397015515
0.9991495662523212,0.5847228038629794,0.21026714681832037,-0.9948237510685868
-0.02274084939299159,-0.8719130112695055,-0.9720308742372219,0.12146589484364334
0.9265981506285164,-0.27010238750273535,0.8465437747537454,-0.4526995617912623
0.6290488165298589,0.3648830924391385,-0.5331851092250164,0.10337653259456542
0.5252484281498201,-0.4963506811580114,-0.9438361723273914,0.8424463434417336
0.5300330575137708,-0.23779683721393693,-0.7857208366738453,-0.3161173634581019
-0.2816101894889596,-0.8083041034584086,-0.999497070025118,0.2536215775373098
-0.4510713441584556,-0.3613715840818973,0.8678983724250585,0.512163199075749
0.7289744953989051,-0.4218581806519155,-0.8395660872328633,-0.4679284545095628
-0.35357325765006803,-0.6695240593316382,-0.6486609726601799,0.9515503386413707
0.8933714343541088,0.7693477150962009,0.7002799037596938,-0.9460641057803408
-0.33614463179374554,-0.791368043321071,0.020064736461907248,0.5753344797443162
-0.5424890553986706,-0.7398483110999785,-0.7985102991581343,0.8201413182796611
0.12949402517013292,0.19558806322436717,0.8982730522845893,0.6172779753187535
-0.7957100039329725,-0.786680099796206,-0.8828927306615264,-0.6424073761310305
-0.3534283996373802,-0.7027581403046201,0.589597139966514,0.5938351393941704
0.7739550090554368,0.3079655638396027,-0.3750953302681543,-0.3620262074356512
0.9734640226106112,0.4697867907640978,-0.8331731384185361,-0.17419309810313413
-0.8777488583855075,-0.9272687748071952,-0.9775819398767474,0.8724683627225363
0.2349130342362072,-0.7822773960388149,0.2802454895609218,-0.8477026784832992
0.7225192852644479,0.15871431706832445,0.8586887835475594,0.4921777070609272
0.18600259957877277,-0.164078772951305,-0.7604550454162711,0.9856955631026241
0.49325120402138417,-0.09322915509440227,-0.9476628815813739,0.6404245987401552
0.15250194362887126,-0.6019316723958323,-0.9971536003230178,0.8673855422569516
0.9231426131579851,0.49729467830837776,-0.6683543210852793,0.051806444052940194
0.14902963887157838,-0.4693904933979275,-0.8362777145980727,0.7313333875420583
-0.9731861895621281,-0.9727420948722413,-0.9843058528019919,0.851592573787524
0.5560976139179528,0.25251442640968397,-0.5459772251650634,-0.33163855993891445
0.5443610189601626,-0.24416975818842412,-0.9570437706336498,-0.0962176135351986
0.8916593261369707,0.6163885165737936,-0.20519552784904668,-0.47212189209767275
