0,1,2,3,4
-0.9320111904847623,0.9792125428243338,-0.6531831665510387,0.5317278414590927,-0.9746607619525773
-0.10459530783533984,-0.19422832773049828,0.5276056564017276,0.39003486035585666,0.822597724155774
-0.8754321621426769,0.7154842587126033,-0.7774077832672428,0.8581256763930353,-0.38422980153035696
0.34395590845408036,0.9185500235533252,0.965859907661467,0.06402200480655457,-0.1833636715563329
0.3775657441618124,-0.007845455659596894,0.4102595257969539,-0.9923875020822929,-0.7758913657010645
-0.6923139770932838,0.54806330294376,0.12232907043282042,0.6053703150054294,-0.1565415538598998
-0.016803188912790253,-0.27715465030113723,0.9734492857736031,-0.8201720401420145,0.2802939158330892
-0.16430035985604016,-0.28598527328730344,0.6998248876337754,-0.6747418057227612,0.355349214134105
-0.383334823480138,-0.8733429582308454,0.26861151962395385,-0.9002662913849888,0.689895341269833
-0.032685888461875555,-0.3705645039986442,0.605984290045588,-0.9528304067121639,-0.015642506266144624
0.32407556010389493,0.9833202990327459,-0.3260104541085182,0.7519237646243792,-0.7226670367163487
-0.4507632791021283,0.7293113499246692,0.13042087723580556,-0.9401929385979318,-0.8744968542549523
-0.17106489865285168,0.8645307902360169,0.999373792676077,0.5185676621123748,0.439959700735555
-0.38200441116512646,-0.7373076845058515,0.9945611864408119,-0.89692574862446,0.5813623828253568
0.31724474084805465,-0.30275590420463755,0.9378947523630929,0.48709897498810767,0.9415467738494675
-0.8031605710525597,0.24737070703474273,0.8200637682382993,-0.47479264504829827,-0.2601094256490844
0.7202807947442673,-0.41165468906760616,0.5665175879173919,-0.8301840700516695,0.8103382021595202
-0.14343392165434274,-0.2483488034754292,0.6400743647066622,-0.7944363044246255,0.5053216108821422
0.11602266064698935,-0.10044838194823756,0.9948156600861487,-0.758346018492028,0.4808363144113452
0.048246676737321616,-0.8405790925740664,-0.26730265633440015,-0.9604936133357019,0.3029553907704456
0.11547489413988225,0.7836097785748269,0.13977053914022047,-0.8876463185483525,-0.8461838896127701
0.6221505028172343,0.9447424726263167,-0.5525861257565354,-0.49814007726629905,-0.7824272438684353
-0.6259492860989154,0.9835824025644929,-0.773240648350167,0.3848271490382397,-0.980580957338135
0.19049238477951083,0.3298441300541929,0.513637834137107,-0.2588473273331494,0.5612642098114426
-0.49416737106862807,0.9609401706604304,0.03662713047877575,-0.04680223779707431,-0.875169532872155
0.5428410676979611,0.408715660965728,0.3632971792790284,-0.3742945900678946,0.3871204240908434
0.13883467666842092,-0.3412364499534224,0.9996830543036535,-0.8856472911082587,0.8989137836145324
0.5446568589770532,-0.4028952814911532,0.9278044124176326,-0.6952683584880487,0.7072427231659113
0.5802132906778672,0.3664019434764913,0.6199955658777213,-0.7762080070055091,0.12314644132821875
-0.05754080240400233,-0.9085703378831321,0.9948271947825092,-0.8884283584506518,0.8959043181673719
-0.5227567290131273,-0.27003827189238455,0.5724085246478481,-0.9748075604311304,-0.6006090381031955
0.5353289760585662,0.17510914147652226,0.914559950531997,-0.980712498471942,-0.22998079888448045
-0.4930893481686335,0.45664646320694247,0.6678752279808735,0.4473447038935023,0.08796817231403481
-0.3388522222188893,0.92487157386662,0.2907161547817318,-0.22776713937515392,-0.8579110952324576
-0.5210523526799189,0.9067621508302371,-0.38926590815366224,-0.45864136982505826,-0.9411213773209776
-0.02089579928331962,0.024019850269474563,0.5386790061234756,-0.8450276073016441,-0.26019871714743614
-0.670643419041294,0.8262146125307296,-0.7986733379371505,-0.5281821128704054,-0.9499914218466348
0.6723030452535714,0.4544752161555266,0.9574152420644327,-0.9478280304118262,0.39921462616233444
-0.6874429724770404,0.7262160572324822,0.7975893217325396,0.06611341322364725,-0.7433320731442682
-0.428986306672613,0.177445548258859,-0.7584011524976338,-0.9635875166356981,-0.8788542302197904
-0.8388404125907358,0.4403284970735504,0.0559975541400939,-0.5635891156755599,-0.8429608954355186
0.2860650703777022,0.14796748139150345,0.9976654951694036,-0.6361244313115941,0.6383071715415856
-0.2800251467922278,0.7656410995029365,0.7830550306505589,-0.09984569512930638,-0.3926851822454716
-0.2959532975594283,0.6784328001207555,0.9553259012458607,-0.8873907442363986,-0.5540594871942787
-0.17967405223054211,0.8856890506644337,0.8029127455735405,-0.9645063199807553,-0.9682555225880866
-0.536914806982725,0.311644358595164,0.18145361381597935,-0.9633656148189622,-0.9048323845868094
-0.9493130697664792,0.803486594849651,0.7184874994861129,0.80333884049658,-0.6182165177042036
0.605162436118216,0.5848499014174958,0.8117097971151108,-0.4720092865915154,0.5461840552888049
-0.8675615420750858,-0.2878793632495085,-0.7835609090799529,-0.9896403050843081,-0.977866443409732
-0.1685071209798452,0.4518093031972297,0.8478454460955066,-0.39131422961949025,-0.09680670785341082
-0.8227562442832322,0.915936525704258,0.2601219263777702,-0.18736379371066003,-0.8915370835328039
0.45980662685802953,-0.8042652620055618,0.9908959051696677,-0.1671977357074652,0.9895291041883535
-0.3244561387446231,-0.5082915667581375,0.06480926775757881,-0.6456126308229965,0.4042455651441263
0.6191844178963203,-0.2748708890939213,0.9852725829158334,-0.10851922592607345,0.9647191399524545
-0.5884655721362887,0.09408668434897859,0.8362995771841876,0.14405431838883617,0.5047826341684312
-0.8889968048332706,0.1752998141140674,-0.49236451159265593,-0.9027161737828535,-0.7973825267836808
0.2849125360238858,0.31540059094493994,0.5780939321319094,-0.8807640219977224,-0.13654523489644763
-0.7865385473486394,0.31742212408459125,-0.8986609944678411,-0.2247018053855803,-0.7889678668554463
0.23350980670502824,0.16441344108021935,0.1519012401568367,0.18269766735688642,0.494473790222688
-0.6442554398206646,0.6022261336932202,0.38565946991852207,-0.22773366054915317,-0.49094560043331165
0.044635831163783314,-0.06562715157280923,-0.7197016575937053,-0.9774356866670842,-0.698662385086602
0.1584339626384194,-0.8201549424616208,0.9880513307037497,-0.9657636995829172,0.7739065835733676
-0.8080357836064633,0.6629513311011968,0.2497565767440744,-0.875698694577178,-0.9453814478551276
0.4178227418589554,0.8133828274032792,-0.21168376026889915,0.12808796071094034,0.25163306379884615
-0.6374755801821286,0.6834307272407475,-0.9727439566754168,-0.7009153515564644,-0.9375810880223925
-0.7499728997264827,0.7964793865580743,0.9991039566706924,0.8081570709494397,0.7061863856587847
-0.2843550868997903,-0.6244167225259243,0.9591200759344579,-0.17256919599161177,0.8624352123119422
-0.2140422674343908,0.9408226248373257,-0.8400194863263571,-0.9383159836065927,-0.9802428838024003
-0.2015040621500775,-0.4300590008198195,0.9418777296563156,-0.8140409249245548,0.6284636617007602
-0.2889619783236967,0.7353293981625494,0.6015555317828121,-0.07869233085968973,-0.3435698637197848
-0.9445361326111789,0.7131520353819254,-0.661995266678268,-0.7813593004345564,-0.9579445017372117
0.11926776841837895,0.8469531051322752,0.9957317444350429,-0.47234261039740116,0.3646042825830125
0.5205637823921547,-0.31381159789584534,0.4559268092195356,-0.9402394632975752,0.13474518101088995
0.009705885561517663,-0.43934955720809726,-0.5107407547610631,-0.9472372669647761,-0.13210565865384533
-0.7573152831774086,0.8052459194001084,-0.38439096860717326,-0.8201166716880235,-0.8963441057711662
0.31663294993697483,-0.6651109940410043,0.899966058009089,-0.9938888280779531,0.1950254468811857
-0.1774478218319738,0.16275761692010243,-0.8357736873088669,-0.8413685432006803,-0.732625786662084
-0.4009470649025939,0.7788717822181125,-0.9092911638132849,-0.6836576142914308,-0.9367438383438953
-0.594281483698896,0.5509159954969686,-0.5699464898555733,-0.9750812486780323,-0.9397327454657808
0.15804470121607309,-0.39638764219002276,0.8775522576451557,-0.46882387328473396,0.90902214594107
-0.43230021329208085,0.1434553687460292,0.9327991939534296,-0.926550820518544,-0.523889631706102
-0.8928762194921357,0.43332679674877383,0.30795103521465206,-0.6705496335763813,-0.8459172158073106
-0.9618051702750752,0.8663629547022841,-0.7562567371202018,0.7539161260326489,-0.8832342021026838
0.3054955985181449,0.8291395695203494,0.923691622178426,-0.7835049315987169,-0.15696575179200573
-0.8748588621366992,0.9579864399243135,0.8357927833636942,0.008687302656550704,-0.9043051016814974
-0.5789163196518264,0.5888146016006907,-0.9598277339160199,-0.9672351945430961,-0.9811710930247769
-0.10960336157012111,-0.06921979275047666,0.9794548235849151,-0.18135435544337702,0.804791473319929
-0.7119320129411669,0.616566282372667,0.7535754596390235,-0.7656722432284316,-0.7341653050888979
0.15327738343226294,0.4398381132699616,0.5666849432548055,-0.6440234594880987,0.1637084706473595
-0.527713423295667,-0.5916907122958925,-0.1439436503108139,-0.9976023129732303,-0.8294641597474334
-0.8499099157853782,0.9267873290062685,0.8068685478268344,-0.7376426121399982,-0.9617195714782206
0.17737816088695946,0.2960465842710675,0.6775264549651999,0.5054774565119624,0.7457199849090282
-0.7069738575240305,0.1278693289499064,-0.21805548466856534,-0.23752568696458431,-0.04197739193192026
0.16737455647777474,-0.6729074902331891,0.9750900156614545,-0.9740823706641852,0.6793684685509621
0.5716185900352649,-0.6678371804909895,0.9962719138500541,-0.8893066909503411,0.9516122065946963
-0.8699231918636761,0.7458213758139444,-0.7623680596834305,-0.9037970800190652,-0.9916875302708115
0.6648748633884815,-0.4299254327043324,0.9027416487887487,-0.8737062201917659,0.757550351055057
0.1705772703008112,-0.8386776108781608,0.8069798223506872,-0.7811107080813259,0.8249682184732868
-0.8464491168186253,0.4076839705108654,0.35673607529391305,-0.4952044421633931,-0.4933529840679317
-0.6856249006692745,0.6951644382722896,-0.6263678279755326,-0.24979335648365786,-0.6118542962929974
-0.7385019259945518,0.09835703658338693,-0.8706077054091972,-0.7789806548248353,-0.7839276405970798
-0.41992901871737465,0.5523748068142729,-0.9419213457732715,-0.982363240098599,-0.9684218325422441
-0.20745536247419483,0.4295893668128199,0.9422395444348124,-0.9409587415380907,-0.6222466047393226
0.49160722185776823,0.0804896968534438,0.9911898393869645,-0.8997786050815102,0.7363150976820493
0.6869688024831759,-0.5654370872675972,0.8272905813288272,-0.9313831883757357,0.539587704054406
-0.970978273096223,0.3843345444952455,-0.45393242232799935,0.3122380747517006,-0.7631601924627951
0.3800879524545659,0.024959276389944936,0.1491040743014323,-0.7536412332286304,0.20401692810916777
-0.4258437210307073,0.8569750535812384,0.6072914779007536,0.6269893628950097,-0.2739018373350873
-0.5405418731126328,-0.14483559415279296,-0.46525504993398115,-0.955741577016528,-0.8293862408105946
0.5913815968527881,0.5191677810935134,0.30712648932618014,0.05045315200168201,0.8585467313764191
-0.9410283306846885,0.9531366609089807,0.7997206645418304,0.26045135931977487,-0.8793656426455875
-0.9264746921044601,0.47122432000772113,0.36401451949272967,-0.8966726309896955,-0.9619629649522009
0.6758550383182214,0.6350589650183842,0.9804613487992562,-0.9144733694133643,0.13879857364443612
-0.09488006833739711,-0.4868367790903932,0.8019766521086088,-0.9007171020412171,0.4874070849702306
-0.5682971594963224,-0.9092015738245226,0.9978035950513564,-0.49680559813632214,0.975908864113446
-0.7747334633027118,-0.2631878715318874,-0.665331113069261,-0.1862567492502607,-0.4081861757058868
0.43122712492806725,-0.601232088442221,0.9208531049163434,-0.9728941866390847,0.25995272508026496
0.5518051227386991,-0.0979470617715198,0.8782892822817892,-0.7909075145709746,0.759126503342979
-0.5730799727090309,0.42795296802345795,-0.6937531575393332,-0.8717614174931927,-0.7982442242803836
-0.1689310070658036,0.8149753195784974,-0.18016981845219562,-0.30675854004699143,-0.6516322918490436
-0.5812192127500925,0.3940833488014867,0.9967478714929208,0.29723750040389013,0.8714882568081471
-0.5700590957843507,-0.6868987771882006,0.6691478515786012,-0.9158035821438227,-0.1748321233866201
-0.5731160422853115,-0.5612679688057494,0.9397889573744144,-0.9318315779448081,0.4940827420778018
-0.08703931355913261,0.5492092292434603,0.8991400806180329,-0.15596538516702613,0.43295015385965363
-0.17519427830388745,0.9250711868365235,-0.04387111760552288,-0.598591402421112,-0.8743670160005745
0.12596655212715988,0.9363807450257573,-0.027512679379964707,0.6682466181865875,-0.20957627964302825
-0.9673600450731952,0.9505152563536272,0.41005232126848284,0.27868801542898164,-0.9701523128552674
-0.038215390836371696,0.677116045051222,-0.9368343960157358,-0.44000221754936286,-0.8514948549946859
-0.33316610838101296,0.31138844047320147,0.7469925301736284,-0.11880510424815548,-0.21034948717206808
-0.32416172252781755,0.23624385511493884,0.08196431015376325,0.0966727455300513,0.5572594103968483
0.8370593772284997,0.2321535782941549,0.8118682831225271,-0.9353525076812622,0.13828775776963778
0.07450006995671576,-0.020181676589140985,-0.6113347765821355,-0.876170039923281,-0.5629343337505913
-0.26853514305568044,0.6779692428625392,0.6737714226280008,0.5861877324087241,0.6006339724833307
-0.21688141414370019,0.35074309191727804,0.7814243024005664,0.10827757689298187,0.3263345776222211
-0.0851655000002416,-0.42110514459427845,0.8241847330986836,-0.9925298772447159,-0.45113277667455903
0.15032228650074797,0.7293799399069046,0.7172647581497149,-0.9535512615566923,-0.8963830172163847
0.8875347210949505,-0.7005095354592402,0.9819948700157697,-0.9547634020996425,0.9481780771704462
-0.7806457294560573,0.7998695553505298,-0.8101715890658315,0.8236009370713282,-0.16017528070994683
-0.16060265255140527,0.5269290760605921,0.9754175063518457,-0.0641274515567853,0.67109232444397
-0.3675138147753752,0.7696336713137703,-0.2031081285026793,-0.8987808639901769,-0.9337230426086301
-0.5497095269694139,-0.2819111039968306,0.8315139932367113,-0.7367875483148534,0.0047953982562672975
-0.5506134373410835,0.7996508908310482,-0.5004968607333236,-0.4503518435394511,-0.9042198512193288
-0.18943484711086328,-0.09143514633875048,-0.5459132554297849,-0.9217843073624926,-0.7414501096305294
0.6667876628685729,-0.6931811886124998,0.8846342700434578,-0.96216083873595,0.7740952323648418
-0.442701662650091,0.11381957459918543,0.9121644452879774,-0.9200508752032692,-0.4812944481308184
-0.24333718457238068,0.862180948370348,-0.539859093265241,-0.8365282786180882,-0.9592944406336996
0.43911636755192013,-0.07009800209429662,0.9359384814250407,-0.9004803760266886,0.3452744685948388
-0.5762566667847889,0.7256358438395467,0.5919770317165621,-0.9240092044116501,-0.8653174887236617
0.5971461910540519,0.11862027326335411,0.9859462144953454,-0.9890899441122967,0.35408115894600595
-0.27069373371364785,-0.9593117269127364,0.2602484553626617,-0.9942894254273952,-0.09110590798513007
-0.07037517852610961,-0.6853979069872896,0.9379746300867395,-0.7385632470248589,0.8446528096205244
-0.1475472174641302,-0.35344092809465055,0.7909912255208142,-0.4686875848316078,0.6625043266545516
0.5161473405950991,0.638575975360801,-0.8719661995476238,-0.7384382476746505,-0.4298982540765985
0.5515973478125572,-0.13905285821333227,0.9986339193415873,0.08930587184456355,0.9740588896451373
-0.49684407934204067,-0.1313052005782515,0.8858455873880606,-0.9811204756139309,-0.7605176742834583
0.13729354994688692,0.5579249954753778,0.11516092402604627,-0.5538701764065004,-0.2621583615049595
0.2634773250355368,-0.12352605025194502,0.6918564399102823,-0.9208206583243327,0.3140879809593909
-0.5704050342285438,0.731347680572031,0.1628909633291275,0.014400334801744566,-0.6229285573373995
-0.1290421158473176,0.3949737036769405,0.1544077011806272,-0.2947116749962944,0.4952985308408436
0.40671504825093224,0.38833332709035306,0.7936220574177733,-0.8178483831099166,0.19940672894965855
-0.7354713192192102,0.9590221700312354,0.7245170613411686,0.667378364298073,-0.6981602452259045
-0.9519233101306349,0.3644803894455012,0.9405601395785093,-0.8299392837768794,-0.8172493584243731
0.7516153784480417,-0.27755184490199103,0.991136035206538,-0.3609995673977028,0.9748500934250272
-0.762183771865982,0.35084081608191275,0.3983842844842445,0.2567275705735636,0.1505033584573321
-0.4175032818059564,0.5985853666982223,-0.13136135200270144,-0.467555092536667,-0.397856222502833
0.46836250194480705,-0.5951855878705739,0.9950420951298778,-0.9840292456442609,0.5475055482451308
-0.413976673495975,0.05932509301862934,0.7899475621717835,0.04044976123612655,0.4157030565300998
-0.3183085754596218,0.7153789329775838,0.45078091164782597,-0.09091747745827333,-0.35273778608022127
-0.9352002580615505,-0.8340138145496954,-0.26035411322096663,-0.04244198172888473,0.22540684777614556
-0.6834397295577989,0.4531224444046964,-0.9770685552811225,-0.7661042278396047,-0.779960838342622
-0.7863829840060309,0.12983765476236142,0.09155777809769826,-0.8952646192826313,-0.6963130207469517
0.405805514623722,0.793976012392746,-0.09139165517277054,-0.4481536217641607,-0.17954632842949558
-0.4112472019963758,-0.2586818896138027,0.864734688874055,-0.8816778174662533,0.20862710169863216
-0.6209423246834123,-0.5915689394618238,-0.37461405444041573,-0.6827802042945045,0.21360627374515043
0.46282380715713173,0.8544069661752289,0.14491372178071837,-0.711614308301766,-0.70613286803483
-0.9674462740190011,0.5286941730633353,0.16527348296812594,-0.26173331267329963,-0.8981740922014244
-0.6471299769382111,0.2925372614027353,0.9998283146793226,-0.17539028654489372,0.744519190472718
0.1609672481551797,-0.7424095133216603,0.9787238339396371,-0.4945973691530177,0.8968545921253975
-0.8800738225816305,0.8811932244079711,-0.8763649168922486,-0.5406264605089196,-0.9799783130981198
-0.8488015499567436,-0.16793838688761825,-0.537267037472835,-0.9377029881408386,-0.9031873916000769
0.4342839525690021,0.7073519234131423,0.6737331583853204,-0.8805141231968459,-0.41470249223767297
0.5550287154503806,0.671313845197512,0.8959427080828449,-0.5734638955825228,0.4350688890612873
-0.47773187046052235,-0.22988258961802086,0.19585335198810064,-0.1354763845205941,0.3968920157687714
-0.20567861382657254,0.8156983268008314,0.9654045624823737,0.2501741784116642,0.24645352141145704
-0.9767405290331336,0.5829187474416112,-0.9650453116242382,-0.9898896479166778,-0.9989647285451031
-0.17017345188107638,0.24500267287367333,0.8098280434206068,-0.5679355096691253,0.33231198602089246
-0.6963145428630869,-0.47897120286767675,0.07028015920692392,-0.48090180247630077,0.18343475903375625
0.39086756203791756,-0.27373020151650457,0.6644931307053514,-0.9177109056864803,0.03200948166793927
-0.5752959925326009,0.14160014409787589,0.36865668880476077,-0.8723275698830087,-0.20029257633366854
0.6225110407020688,-0.3678519487452025,0.997717921190651,-0.9024703392433576,0.8198211434824397
0.26013502732488386,0.5448284562384568,0.817269528669177,-0.008875349783436315,0.5086698286731082
-0.05739254857987878,0.4383255771957089,0.36424823520539507,-0.38702096056668245,0.16350699443408023
-0.3379343890297938,-0.09891847485437058,0.10040450429355889,-0.2734042741284646,0.16536488476217845
-0.41239600949715816,0.977195503884416,-0.5254512173273627,-0.05443504921873766,-0.9296238628275197
0.9447651447558907,0.7764902275690865,0.17043432321021232,-0.9408197045232918,-0.17446204938554785
0.11729167849748069,-0.6005787369544906,0.9067161077647051,-0.8619449514619762,0.6982552678013475
-0.8274549929744651,-0.1169754684708553,-0.8628414772432861,-0.7682120946657249,-0.7155988774455205
-0.061680184562873025,0.9908836111165672,0.2675921022208624,0.8693617437560213,-0.6656897538326142
-0.5572276104028632,-0.7588794003792508,0.6105022298714333,-0.5761077080389113,0.6578293039091261
-0.02171576314873726,0.5660113272081992,0.93568800082139,-0.42316991876100213,0.05051769592152263
-0.853125993989417,0.8187387219257949,-0.8782781259562427,-0.46289468751165014,-0.9610052776089136
-0.883573599854143,-0.0988528958615292,0.7655036022962863,-0.7198875343646196,-0.29886080238846785
-0.8965967609741634,0.8620285029253256,0.06216823874550965,0.6019103384350916,-0.7735130814929463
-0.6822067477240983,0.8154190922094995,-0.14118905494374265,0.44638246234992235,-0.5845962605407852
-0.48061275683789195,0.48124952801341214,0.6918985513641751,-0.9450262186243474,-0.8633609640073684
-0.763133705051614,0.9297501315963878,0.9842419715513294,0.8367174338868787,-0.160348445418705
0.34844105064784625,0.22408299049781913,0.9613228454786871,-0.9960128737917292,-0.7117407342268713
-0.5935537701066146,0.5762168452332159,-0.1294365846377669,-0.899698868941849,-0.8825955493527949
-0.19658168155576192,0.5234046325216875,-0.7172718507553624,-0.22717870440579263,0.0007768923764542457
-0.5074317469721102,0.48681122429843976,0.5532117080250322,0.6145571545970651,0.205726958095377
0.17505366263315414,0.8510734638033078,-0.3822868743227218,-0.7530101415965436,-0.6516095300914638
-0.7381911571694341,0.11297641668530128,0.8421772153893612,-0.5270750545517489,-0.4013477543761335
-0.40093372363887125,0.6684706154210217,0.8292586456397423,-0.7227271668211914,-0.4140271493486615
-0.7889379582027607,0.7258265027377493,0.4763095282642657,0.5200717826303699,-0.3591142915850174
-0.9337496229201179,0.8915546339970869,-0.6361646532525839,0.12812292757384486,-0.9451476419002769
-0.9189700709531177,0.8304607940850663,0.5350500093852452,0.47500096223865274,-0.7410009669387837
0.016373588076082125,0.16386290080869825,0.7518759525151724,-0.5494423828466376,0.23001380479386044
-0.605571213755691,0.6698416417802798,-0.4049415497831489,0.23246593088381307,-0.5678392067282894
0.012687463158030965,0.7290801605242239,0.20945858089658603,0.7773948720149999,0.5097057541359217
-0.5951725596423247,0.9105385744687077,0.32077968308360133,-0.049379773725577183,-0.663294220871436
0.13361431258491624,0.8632558158197791,0.8553373810944915,0.3943174940400833,0.31981918960519107
-0.04019611428127212,-0.8779195773382784,0.9933227971911406,-0.8793160609625088,0.9485068140742396
0.7721842116062108,0.13898999094412776,0.9787358007656218,-0.8442029880495804,0.7676439485051083
-0.18418273628006607,0.49500418759230697,0.46060941252044063,-0.8969019293767867,-0.8195336194654382
0.6402000417002569,-0.7196818037729328,0.976928236075501,0.49217733188152296,0.9948803172510049
-0.8172642761880595,0.7030949942503729,-0.7907359516857831,-0.7380840336587947,-0.9438969268727828
-0.6712111116248354,0.7375418306934477,-0.9389848231343626,-0.7936122534629872,-0.976864543152734
-0.7979718730492997,0.8787048804874987,0.9885788057123012,0.9453854148638756,0.25737339717035973
-0.30154719790497847,0.6753594991581754,-0.005290009481660668,-0.7565926696519827,-0.7785701041958993
-0.42779956943742736,0.8772526490125427,-0.5082199954308372,0.7642939910640892,-0.07084198472864565
0.3909638648217084,-0.0289124429824808,0.8495627081452413,-0.6480643872267344,0.6553043676198
-0.6634986644635862,-0.4245972802118364,0.9760791152119322,-0.5074178109830753,0.2437924574115541
-0.5875074863510386,0.2298474744209447,-0.15109664715633173,-0.8561733257994302,-0.7599755045744544
-0.26249269597205643,-0.31522648986071744,0.918205117580352,-0.979940640870908,-0.49742117895087823
-0.7666064175356416,0.403663959030262,-0.6527179614936928,-0.9026385477893861,-0.9456014277132482
-0.9124141271085908,0.6667432987511742,0.09451433890938656,-0.8029248987332712,-0.8203642591764839
-0.526581382906624,-0.6570949067930512,-0.6669503236832484,-0.98487863288907,-0.8041504860629318
-0.5124300567696328,-0.3667551456168463,0.9614620342930117,-0.29734345346220875,0.7249497527157247
-0.9020252765114475,-0.544041589507336,-0.12109616583328289,0.5773555360255287,0.5093723076652579
-0.20588261330524793,-0.32153887039380397,-0.6390012270346505,-0.8901461558654777,-0.5066158523120784
-0.8678674441483321,0.09727934735148058,0.8211378804784548,-0.9477725129898081,-0.8104173198098815
-0.9802994529741952,0.8614252686525664,-0.8278367130219871,-0.8496628532027968,-0.9969791407200305
-0.9634824720535305,0.9972530029305366,-0.4873739145468288,0.9660292303507508,-0.9835895854921558
-0.29248845228905296,0.9596386893826491,0.7178135252989476,0.060136381502457814,-0.7503723699610427
-0.3780498617250221,0.7498103052010103,-0.7174493281850713,-0.818806539399654,-0.8949165673040335
-0.45874803285034665,-0.7466616299944159,0.8409055343712746,-0.9650184808387681,0.14121780304329834
-0.8817899957316516,0.8946390041134429,-0.9964220235513231,0.8733590483868606,-0.8351946032680905
-0.6150908893315623,0.9738658887695875,0.525491800952535,0.1224525691842406,-0.9206765862338008
-0.7048200322172382,0.4573277901459096,0.12774154817117203,-0.9039478853976897,-0.8452513616100964
0.28898965590309017,-0.6011364150985316,0.9900339925568152,-0.8804544854497245,0.7597393426411319
-0.26519438462305756,-0.14576380803639385,0.5533748668635557,-0.8935517635272615,0.004156675935093061
-0.8679135563547101,0.5785547402562518,0.28513762227728084,0.9843686413010856,0.6374253183675089
-0.8478292558727719,-0.5874271911296489,0.1620244671011314,-0.9618492503895154,-0.7217639901535591
-0.7995424467935238,0.8373426974499589,-0.8731232686230539,-0.3364811278570894,-0.9665181754626776
0.22648284503695415,-0.5248774341752575,0.020765254834489173,-0.9490802641405117,0.25257950112841693
0.22121365333134738,0.09620918330834387,-0.38974603193720503,-0.9200528706563158,-0.5126212618166764
-0.9364057364270487,-0.7425379109565827,-0.2387793226710881,-0.8055275162896642,-0.4863649096934212
-0.6550101740732875,0.9728314054315821,0.8483478910696011,0.0005611501162489211,-0.9477926872561311
0.36789029532400164,-0.6779088942726026,0.9531640469856373,-0.7811933553738876,0.8833698109565198
-0.976322714727213,0.7446841211158624,-0.9566111079042707,-0.49813098065167954,-0.981687591917291
0.2674224018667775,-0.2587104909174359,0.9856622876580992,0.13069633416216983,0.9395087578465965
0.6225529694953759,-0.9738716875954657,0.7229558651718877,-0.9981162960239609,0.6807218454238572
0.07829583686858152,0.49981737630683465,0.646452360546686,-0.5977365670372546,-0.5306800722597336
0.4914277048952472,0.5547269342353176,0.4049269378312995,-0.9103203202896977,-0.40591187370238785
-0.5089186762605165,-0.9787333657415861,-0.11028788950025116,-0.8859121000940917,0.8508889869377292
0.8948406113025495,-0.07821842395546044,0.9803005880054408,-0.02354033029033535,0.9784820170820221
0.9665804658459796,-0.7500612379224756,0.5907479367841095,-0.9882451394417944,0.9029979155372979
0.7895728121030761,0.7827121713633892,-0.45977923067336157,-0.9520020790448265,-0.8251390428909062
0.8534915166610003,0.679127595382349,0.964621999332202,-0.5285814693793988,0.7613080826306584
0.5272182491862305,-0.8478259751000409,0.94096367999514,-0.837423811286833,0.9691999501967614
-0.9529652341850442,0.4170663859307152,-0.930285162755255,0.7589672706360783,-0.8377517049072624
-0.605710247418424,0.24516670269294383,-0.6779087687962754,0.39386954078669995,-0.19840347765153507
0.13527537729915806,-0.19420213358955363,0.7387135769727274,-0.9970163626195813,-0.4107298892534328
-0.2016394415542844,0.6992802280439598,0.6408250582891512,0.24780208830555547,-0.20731262356663085
-0.37802644086500453,0.8099091948991036,-0.5806444104075623,0.08189037918302357,-0.41134945594964717
-0.7841143458819085,-0.7529960321023054,0.9567322337564208,-0.9587141154492335,-0.3951074991070347
0.8789005305422974,-0.5963530129141824,0.9938696283352312,-0.6629658375082217,0.9711108988963963
-0.6437676208732249,0.9460160413166507,0.9012297196601268,0.8901415602107579,0.2986517423024907
-0.5380435924910045,0.18401907224346037,-0.426516134408894,-0.09382701346823027,-0.10702361483472231
-0.22134199833064075,0.5910160131372212,-0.7218569846895977,0.6832972761819631,-0.07964768189478447
-0.5774912239058768,0.23952684906053373,-0.3099478353618692,-0.06088519104219344,-0.5580200126101028
-0.7156275061512783,0.6626164478034966,0.7605152366812108,-0.174602409026627,-0.3999302504044182
0.15808821727219252,0.05101204347391272,-0.17541466229019562,-0.6305481694790747,-0.19004597704495443
-0.7648551365246109,0.6626326979551715,-0.7848149348354672,-0.9020154599792122,-0.9855491719559002
-0.865911962434859,0.9865735132975073,-0.8783222272011877,0.9695976061308281,-0.8115082041810152
0.3363958425311582,-0.0922163751918191,-0.20170387890542738,-0.915214014392566,-0.3445202680561005
0.6368155215578564,0.47157634329924164,0.6814257272036345,-0.9765166610641609,-0.6186960857260122
0.5074582190712449,-0.17783557448510326,-0.1509891978501081,-0.8995169164285729,0.11501552379843225
-0.6988218498190848,-0.2307941821369483,0.9322589169877543,-0.9402852249603787,-0.6926101834779446
-0.4705740535629963,0.6012187856686665,0.910219358682474,-0.8899321591447249,-0.6537637650525556
0.44383731577379665,0.8442619924130724,0.32966208273006875,0.8897829418855393,0.7300031545280506
-0.9753751106663805,0.9233262673407586,-0.9411104062758112,-0.7709847205345186,-0.998230850679012
-0.6908965405109663,0.29627183727174133,-0.44767910266554756,0.41437823516672945,-0.31730146791844105
-0.817734568883706,-0.47270188056683515,0.8081498476824074,0.12086663899392665,0.39462237176198495
0.22722672362344726,0.7722842649339077,0.49303774516555454,-0.5551389093730432,0.1352692084007049
-0.751001581969962,0.19909843298526683,0.8330226486280637,0.3547966539573337,0.15240351066493493
0.09103358778398613,-0.7673401620232096,0.9849358308921862,-0.9877123112896674,0.5264103809831215
-0.9728856942238153,0.44335350278945074,-0.8467931040375829,0.6178049804940994,-0.7667408291541125
-0.2524596037349216,0.5123730895291563,0.5490499779876739,-0.931086000376299,-0.571748757311157
0.11352828751444313,0.8962367999648149,0.9717767552245399,-0.5205946444891256,-0.5614759835587149
-0.7475014346861886,0.7459396690670392,-0.9658351199202372,-0.9499630658273083,-0.9928526941940887
-0.03085570587247145,-0.974913398910889,0.9997989261644109,-0.43248790548008276,0.997904773953374
0.5456546634338854,0.7478932951989141,0.8732872227515092,-0.9126516960028738,-0.5700618877919252
-0.9606884661695354,0.23461345958621,0.6636426607008146,0.7784145089449834,-0.434899707194093
0.7336606685468698,-0.12772083461528802,0.9347127617459325,-0.9708380685920429,0.5548522066097461
0.7425918046010541,-0.7224319794005922,0.8990061382983033,-0.23754896440213563,0.9827278348314643
-0.9212080338515631,-0.17455039365257924,-0.5196011858791699,0.5402732095795827,0.12429696639802354
0.10090269195687758,-0.9225320584364178,0.9982948310054449,-0.9149449495819445,0.9709563573153243
0.08323203176638784,-0.18139508282896097,0.9151555295079744,-0.9708459927293887,-0.20089267358809715
0.2663110934231067,0.7173488383761202,0.7027009096592822,-0.926633860633613,-0.6467097948717142
-0.9042563230748,0.823595270839928,-0.8701615294012934,-0.4360947441930769,-0.9743187308160002
0.7269332902730511,-0.1718312209477367,0.5567156065215048,-0.7972624482065283,0.7141760525124671
-0.5211322974928847,0.21371985502351543,-0.8949793564962312,-0.9724385051367628,-0.9186303254219371
0.10280337299130435,-0.37859830201331407,0.7937824308965558,-0.487606130825108,0.807076135124794
-0.4914457051094954,0.9417376076294179,0.4896400498338662,-0.4741177316341673,-0.8294819909374122
0.4201824813431483,0.6602924796805881,0.872770581106587,0.47700966433796294,0.8112487460173636
0.42354081744176425,-0.5847337893033431,0.8695879340646151,-0.5905896605975847,0.7926574801814632
0.026356502953780992,0.1033386578732063,0.3290581114997347,-0.2225270778872093,0.5718281729745252
-0.515788008612756,0.6610391484469086,0.5073185787518032,0.6599219310087238,0.3035017016326098
0.6599084676429989,0.3611074532664693,0.9567726032368703,0.4481643052801746,0.9631746595657481
-0.9572294825660731,-0.027377012081288208,-0.7602609796881125,0.36244118291162986,-0.6904614606977778
-0.9220633390483621,-0.9363812494758949,0.9862575716174496,0.6701990038569757,0.9274821307893435
-0.02174854952807435,-0.9285815346726239,0.9868253433309749,-0.9912641747530145,0.5292354051855894
0.40166350197825484,-0.10463403286628861,0.7769969190973591,-0.9265797954063334,0.3448276989398655
0.7602016297763013,0.5907575856738555,0.5666243199877945,-0.6433003825735251,0.4932995184191453
-0.9732950241900024,0.8724662172740122,-0.6784186022960697,-0.17056570015916858,-0.9754651913585732
0.421384701034466,-0.07805241567397442,0.9090982969781686,-0.4332192293461549,0.7373826844885091
-0.5962626164455829,0.8974256296152723,0.7081465325113712,-0.5649911288082262,-0.8667365305654204
-0.00783563421505251,0.8480765248124382,-0.7204199110060729,-0.3653626854933697,-0.6952486409341223
-0.6750056642034883,0.2943964656755008,0.2023470022563215,-0.9716567708379823,-0.9220104046670548
-0.8965925774159538,-0.18873669159436074,-0.5942653952286054,-0.705987898713579,-0.7793649648126827
0.17244113271982098,-0.8520545634306904,0.1113961713213479,-0.960311491405871,0.657112253602605
-0.03448507541440002,-0.058940495090890596,0.6961851378933652,-0.6997246785060595,0.558488268661025
-0.9392083266421318,0.9055894009590983,-0.9819064326552074,-0.8429930377926097,-0.9970309692229241
-0.5419872278888792,0.6330915746792097,-0.15936223820692574,-0.19923643307220448,-0.4546119889844112
-0.9013515773055331,-0.3128836882403888,0.9356815518221581,-0.7265158463362549,-0.601777978699535
-0.009231132062097363,-0.1252814063104315,0.9993385612887266,-0.9553623266281389,0.47660150210727337
-0.7664154580805532,-0.402035075928048,0.7476453162372899,-0.3601676183009771,0.7138469465913592
0.6075844363850939,-0.9341184183445767,0.8397128900662284,-0.982660626740386,0.9402640513358947
0.05914703314133697,-0.5962938238088573,0.9241157360469052,-0.8837062325380962,0.7796715408418259
-0.08823608156132273,0.5989614520987537,0.9744320300096786,-0.2119817336308625,0.25401388978127587
-0.8428423661540821,0.6533693286046546,0.7113821969531973,-0.5532269882090368,-0.6690962897631328
0.17128516470471833,0.9317561272340811,0.9266498817995867,-0.745380611388789,-0.7160757007562384
0.4035513975207592,0.8016515291432227,0.8910740222889277,0.2287357051443186,0.5343069561563184
-0.07464273070198378,-0.2110561840335564,0.2699308332839259,-0.9061648085272301,-0.24078216400773042
0.22885583655919,0.2751004444270352,0.9805638651652592,0.04143110138287298,0.8491008918498912
-0.08708088956242865,0.6782573668050503,-0.6775291043453315,-0.7475359167413573,-0.7537425646902722
-0.11605227464687762,0.761523131531726,0.9923605984542215,0.34031155385740613,0.5110298647919442
-0.8987322604611244,0.5998134667413194,0.21209967296304497,-0.06556833288556266,-0.7918836263573009
0.7023784301152647,0.13056889749348366,0.7516034025927492,-0.7795598395411151,0.5614188802321856
0.05345262397266897,-0.27782469662917475,0.1262259660322383,-0.993233783935025,-0.7713092731345981
-0.8232843350302727,0.5336597775427124,0.9941574360578687,0.3800686099799608,0.3544098340647718
0.4965615650613705,0.5068374104719571,0.725557748404858,-0.6731141810589882,0.2518324932695062
-0.759220059311331,-0.10711046899658852,-0.9515313955148046,-0.8995895824969837,-0.9064116812266196
-0.1704937101060303,-0.4430899079208278,-0.43921162606084563,-0.9173873526174865,-0.5283547757971362
-0.9372420878200372,-0.279098390606773,-0.8427638612831312,-0.54483510888451,-0.7771682520461904
-0.6316806442583894,0.5179936399781727,0.9458429222836787,-0.6737888077387949,-0.521715252159362
0.1945240943219204,0.42550586945256713,0.36888507163124296,-0.5657980813795889,0.08141786233393439
-0.7140835695938964,0.004921024444549118,-0.8460413536587292,-0.7036286361497349,-0.778356261026988
-0.5066649069571807,0.9939943473572647,0.24683156379379262,0.010361148326006491,-0.9785984020762876
-0.34226134160421817,0.8891289955584818,0.9179994335651671,0.3819287324796681,-0.17802269214881783
0.59509188866009,-0.9893790122705616,0.9869536265506318,-0.6360321619566263,0.9964590924695633
-0.5242502708364504,-0.50888360373884,0.9065842007188859,-0.9865333884315622,-0.3163951204537239
-0.5065463044046741,0.7687147275440682,-0.29592836879567724,0.8545003620276539,0.21552018229128317
-0.4324461448494614,-0.9134746492432961,0.9785318691542781,-0.8810840308447261,0.9236077145145174
0.6105921863060102,0.482261610876258,0.9410134649259871,-0.6516821980743351,0.6866484899745376
-0.90710402761688,0.8652910273310584,-0.9708091886995384,-0.3511826181182109,-0.9928392570831229
-0.587876691295697,0.45116835840194686,0.43089145625574826,-0.46154795376436875,-0.7284215132847853
0.6442650450332961,0.3297862851797561,0.9542500872467766,-0.943603830404687,-0.03813180004823774
-0.3378688119357959,-0.6731527710970385,0.17933148006547678,-0.9760926169403982,-0.4492060211945434
0.7378106683025398,-0.40059227092163224,0.9138855662864059,-0.9700684145524149,0.4932368226486875
-0.589110781316119,-0.1863216845055198,0.41024843139198053,-0.9025248515517039,-0.6396014358751363
-0.04273901890189182,0.6684036442547276,0.973587566925361,0.7039763122585883,0.7799826578745452
-0.570278380242705,0.8971707026814638,-0.7973442191536757,-0.5257352919998669,-0.9057183198065365
-0.47745109847135464,-0.6160157916006976,0.998648214906066,-0.9761171436366874,0.19324802091618348
0.019985716547481516,0.763514302574425,0.9646533223075684,-0.16575522657135372,0.12717755765470262
-0.8139733848039541,-0.7568997708431305,0.5492877906186752,-0.35192050071087216,0.5853067988214995
0.19081803905984418,0.36265064072799286,0.8727843120759489,-0.7646090377726733,-0.5084393439893895
0.06542856697196331,0.13506308527462826,0.8007746173377178,-0.39801710493008713,0.6526145598144434
-0.33009158738722666,0.887979916059617,-0.9743606379311537,0.510928439159775,-0.8431640767332481
0.34669092428057996,0.8058086129344535,0.9988632623361619,0.7997506993472413,0.922959699388771
-0.4759993418690599,-0.32409211014407047,0.9536726921139178,-0.12267681034826086,0.873365623926481
0.21464375642148792,0.4672417964595224,0.7481636538428094,-0.9863418406426817,-0.5559641416825565
-0.6005685034552016,0.13648376257136302,-0.7358987466678872,0.6036857061676354,0.48495848626922616
-0.6598781796180648,-0.11746360438407188,0.6425767046261747,-0.8014961245280128,-0.4728996530528316
0.2605290061286392,-0.748043630095837,0.9901756147804242,-0.9947167495370725,0.2768595536032124
-0.7524711079095381,0.8584206591278992,0.9929334398694397,-0.3098366208973788,-0.6943452052452185
0.6746024178816574,-0.8264173075733533,0.8699294165333806,-0.9855891194236885,0.7365629774943688
-0.8328063825564076,0.6202930386402081,-0.7661878061856777,0.49480371363784714,-0.5905086363113842
-0.8571725181235448,0.4514667590698858,0.6901248625637334,0.4884478457599005,0.2459386020482373
0.41898573322388294,-0.8664271150168722,0.9986149358504429,-0.23059925780461704,0.9962558834876715
-0.18635997251933994,0.946732862394671,-0.4169248766708534,-0.8433359725811779,-0.9633469110527961
-0.8068665369566259,0.38107186588315617,0.46359242810100665,0.4702627312715931,-0.11521569268595187
0.4916458071952598,0.191256320285489,0.07663120063196881,-0.9109529072183598,-0.401173341659463
-0.892310534002434,0.10340760659793012,0.6635630062154956,-0.18112298820198913,-0.5297883801442363
-0.5606320603474573,0.6850206705464479,-0.640018879065083,0.45142871858165107,-0.2822681970047785
-0.5964509900182675,-0.23789776819821104,0.9894931194061375,-0.616539109167723,0.6531044115916033
-0.953516746676495,0.589590053664106,-0.3935499333434543,-0.7040930973777266,-0.9551380394572137
0.06744209939058028,0.5116361903277152,0.9978962835251137,0.15039749151139134,0.8386126040037849
-0.8379894454929656,-0.819787508907062,-0.975060765820658,-0.8368624403605366,-0.5161232096660839
0.5511327174464834,-0.9232592727692753,0.9966109758694384,-0.7834262671215357,0.9945947765507641
-0.6308822891038824,0.9353229052417484,-0.7571750518328862,0.9568199713788418,-0.5652081489966118
-0.6842958084629774,0.15134723181772614,0.07710178762616005,-0.42607686497766306,-0.10937841688867445
-0.30785226377203034,-0.8108187977163285,0.788983031368074,-0.99708928935169,-0.6058147529272343
0.24636154558031867,0.1359470985585625,0.9257705282918449,-0.5794794367316595,0.6034868156126271
-0.6873368785417142,0.9727772080938568,-0.32751294195555575,-0.9269070643953339,-0.9814454555128931
-0.4646334972296122,-0.6651171873024251,0.7886703205469218,-0.7229135212842447,0.6624708945161961
-0.8587547407192012,-0.04589642444785811,-0.3760388437947154,-0.6626488500135134,-0.6419838623363415
0.7769148570459544,-0.4274029605626317,0.717656693648273,-0.8640037886157447,0.7906204053845004
-0.9529296836789283,0.7363847739648038,0.22026095814869434,0.3864268720108212,-0.7936826214341614
-0.16465990261906885,0.3116812633602518,0.645609152497109,-0.6246579235361863,-0.034223899329831546
-0.44616877304877206,0.49269903198474707,0.7691754717852138,-0.025818393763809757,-0.35460948729265157
-0.8286849629100397,0.43411703645402255,0.1484636400023978,-0.9488871641302066,-0.8986257154496331
0.2832328098730526,-0.24863027802963159,0.8780299911315985,-0.24590417426143968,0.8627698480344788
-0.3920095997577266,0.4935445472018155,-0.044460392168004084,0.9449318854052038,0.6445261822071249
-0.06504067363144221,-0.2206884633190449,0.9985024687895031,0.1910761821389093,0.9216554368233868
-0.8837237650543092,0.7083986005831471,-0.3918673574213197,-0.31712655101067744,-0.9065082106189847
0.42936371823610703,-0.2169739545112042,-0.22496422909357117,-0.9558237781508224,-0.06285543341261385
0.4157090824779292,-0.6591356334119421,0.9195343547162433,-0.9880189610577389,0.44486621443986707
-0.8317794646168727,0.7906566298958531,-0.9832560966277073,0.24439519028949153,-0.962957135433359
-0.6102922428124735,0.12003188388741483,-0.9020604813410886,-0.8686755910447495,-0.8847472579629653
-0.39085987720026083,-0.01932016163188398,-0.8105076794993702,-0.6933656468835784,-0.46566794511903564
0.5348891686912264,-0.6548340553272005,0.8562106561796731,-0.9875623818640775,0.4666222978461766
-0.8113153682203138,0.5963269268841555,-0.9103488786129476,-0.5995222116265938,-0.9168683633352245
-0.27209846556460116,0.29172155618366175,0.9957227565114786,0.6209560619841015,0.9601918061628285
-0.45575821317942844,0.95942650038214,0.414159246793087,-0.7609927174607092,-0.9580489222221096
0.21563928430308094,0.9270460757275651,-0.3995985498169451,-0.09255211020415363,-0.6383935532234258
0.8189469220951408,-0.12544804254152928,0.9788074180508247,-0.9465624548341578,0.7507428052403082
-0.4202721697301592,0.36006934475426866,0.8643511835615677,-0.8537951302145366,-0.5219337014165296
0.9370679576915253,-0.38944703792936014,0.9980935940333914,-0.44185763490737723,0.9924170759014446
-0.10769104764534343,-0.45550263689877396,0.9703576878158853,-0.7688820895584417,0.696756876642049
0.5566117594193598,0.24278148623472345,0.2674456363040626,-0.9671760577881366,-0.5036092954799576
-0.022823735689106343,-0.7874563226830049,0.9984286700725513,-0.40233898123670186,0.9827350945343297
0.37946905053559404,-0.13280889667437967,0.9988166436326726,-0.7689983943185732,0.9199017132243801
0.37152761102477344,0.69182436866318,-0.8428753672803887,-0.8961009045064192,-0.6259471387712998
-0.36657352958818307,0.9200345116164403,-0.5395558686619689,0.5598020370204105,-0.6110139993828899
0.08791168794178707,0.8923294278480639,0.13031199011938557,0.42576404410823826,-0.08493367980099653
-0.4867011327285703,0.8805707868622001,-0.35369700906579604,-0.3771748711173998,-0.8967077551102349
-0.33393808043522977,0.46014579520578325,0.23953534875056867,-0.8946773625888741,-0.8580581167230034
-0.4064832671951196,0.22563688857065195,-0.816738772868061,-0.8656294665562718,-0.86978002074227
0.21197482859951144,0.4868859213517979,0.963547418699919,-0.08494235439975922,0.453055949045287
-0.32507640269630156,-0.540435539679661,0.9668143784779759,0.3954312009976282,0.936995202248424
-0.3580546222498719,-0.3274563749404842,0.9769872668413199,-0.9493598379770107,0.10157919764671476
0.5127377383468605,-0.8841325602642482,0.9996396524320653,-0.258000458475887,0.9947659134126003
0.6187255523451691,0.8733949872040635,0.987730528492227,-0.5584605852008262,-0.23212977986007358
0.6188087887554108,-0.13503045615045392,0.794948393427458,-0.9328469588989561,0.01948112279457299
-0.9446381893047344,0.936635255279703,-0.5319777809691794,0.6453282537675324,-0.9612928752115488
0.011317427263719886,0.6819579089620881,-0.8052711800089148,-0.40765948051759143,-0.6320721298399136
0.22322268262579756,0.17536483390699092,0.40884328039059964,-0.9396623199415661,-0.15017365985602119
-0.2880232560241075,-0.7828930654833843,0.6188023682177177,-0.7670328563595522,0.5478395845844641
-0.4689607571868314,0.30449255424226673,0.044106400534313334,-0.8291820418589939,-0.5250096855539841
0.5878329095935846,0.27324760922539254,0.987309724953971,-0.816668056979826,0.6222176727007735
-0.7485953964132217,-0.9004509210707253,0.6574282225640823,-0.8134124494400102,0.51905498915624
-0.5645211218450745,-0.8086907098751457,0.9976983150449059,0.09123084332835628,0.9699612308388291
-0.5541855594894317,-0.1289881420543732,-0.9113506542319948,-0.7078053372712391,-0.7664834061796401
-0.34309026742076143,-0.16871880152725105,0.7779816622892823,-0.7327282620280471,0.10211798667148829
0.823357157623208,-0.28594582169936666,0.6585238072280146,-0.8495681254548154,0.6722661912047472
0.5608241377179412,0.6491365458347936,0.9903334275866935,-0.9909403052024401,-0.5250953249628654
-0.30618703758910093,-0.08611397159010249,-0.12866184067760558,-0.9622390219348789,-0.7764158957952724
0.6591763758247406,0.2806254887642124,0.9549823618586321,-0.9942044157568068,-0.4222757276112359
-0.7827607243681567,0.569384323844138,-0.8801600925474475,-0.8681227649967159,-0.9611815032167272
-0.42846114498080845,0.8530639298167075,-0.03554453225981204,-0.33828768337176557,-0.8667243026986453
-0.5120041511877977,-0.946029609938442,0.9235631340855901,-0.9333796104775204,0.8598508058794185
-0.7246071309567982,-0.13477832720096666,0.8323959740769338,-0.7776533381787399,-0.18687475186334698
-0.9260311727046486,0.11042141904913837,0.564611704039088,0.5352304653318615,-0.2043346958522249
0.35995059125607154,-0.5271771691145807,0.5028023020703429,-0.9958377142374594,-0.5315919608099179
-0.8429271667202745,-0.5299095534509326,0.010200167811292593,-0.7227979899823379,-0.24206679830771735
-0.1431820263119924,-0.6374507415934503,0.4358874246773488,-0.9790140960245167,0.22652323624167797
0.3267541446781108,-0.10987445615877214,0.8132298004177461,-0.05083590722077473,0.7993550238010552
-0.16922080781896165,0.3594439296748262,0.96817694156404,-0.43988895886190577,0.5208348614708682
-0.01879868590806482,0.6883370466479082,0.35543937474001097,-0.88365954903893,-0.7261956379595567
-0.20580724502311717,0.9350899638617854,0.8903282379930557,0.5866281223486015,0.10766050433579953
0.717674810265218,0.8767759615660661,0.5772715497704337,-0.9861095132873182,-0.8864128694829732
-0.5381609815624218,0.3985147805109678,0.4780668473427124,-0.334157643584056,-0.5039472857534055
-0.7174142798099137,0.8486373289749564,-0.7869644780326092,0.9586607722988026,0.06994490351540053
0.30058648164832197,0.6673693905743782,0.9488147828148136,-0.8042452683714257,-0.15286267023624528
-0.8819926039992975,0.09618601607285822,0.7839803793415548,0.962288966049105,0.7450629381491085
-0.042070445678193964,-0.06290371265719258,0.5803703188289466,0.6428729286488127,0.8343051973862626
0.17965524680097342,0.04504495738128096,0.9071875446030276,0.4837114538672371,0.9261755725919089
-0.10375793149726616,-0.3739461916178979,0.6214817575717103,-0.9320569013373498,-0.15923564184346847
0.27073718344960673,-0.48882995487932657,0.9699393804546824,-0.9837459372481159,0.5247880796533971
-0.5493666402334862,0.35660523213983586,0.9972017739611497,-0.9679019154255545,-0.7383982670655721
-0.033725540790143914,-0.3167800088049077,0.9601807160541553,0.11341984650296101,0.8298863798210674
-0.3002240333594353,0.8593620883080085,0.9533281691483081,-0.0847575031990412,-0.4950450534430155
-0.03625896741548633,0.7682881616094872,-0.37862498214485196,-0.7837061292336173,-0.646426360904732
0.27742131642826756,-0.5303685113573513,0.8197458048092414,-0.9459926987416084,0.5273232153211612
0.3527818773907163,-0.7013377889698064,-0.41750717522039144,-0.9933640205304181,-0.3097305686168087
0.5855114003108174,-0.8026705857333105,0.7475052697061756,-0.9215245519816673,0.8389520414996763
-0.873754733153227,0.4858855883604859,-0.9145151577896825,-0.9377505614162835,-0.9842476682942567
0.08858550831340789,-0.056560677045344454,0.4414841513433378,-0.8627974691983511,0.2881705625772655
0.15678122391400978,-0.7284318711575049,0.8795958679055056,-0.46013605887705505,0.9267513186604769
0.07319040327038993,-0.6075698823272161,0.7431926187018979,-0.41258520439948226,0.840102701208082
-0.2025714215891344,0.7621018698472634,-0.6578139862528681,0.29574148036873427,-0.5996457736163205
-0.581849985860101,-0.9823761260088241,0.7985096357374698,-0.9978834753368474,0.162459573529691
-0.5365486484076518,-0.01474510077239242,0.4099244702066488,-0.9454124740531517,-0.5190192796415418
0.19685324910879337,0.5809029845417358,0.24105199085714848,-0.4356649729985561,-0.21166004674712444
0.5539142156457988,-0.8887079794868896,0.9971408916894633,-0.9480955859983901,0.9540923480174321
-0.655788622442937,0.5349168369184778,-0.43394362658511043,-0.09902847020756093,-0.7483691050163446
0.03556566386188899,-0.46091182144846465,0.9799372445469013,-0.37655147009265694,0.872293016971104
-0.7340953551514333,0.030326215546658625,-0.6910858789070882,-0.8863135098848994,-0.8748455966082727
-0.42230187867431085,0.8343251957007525,-0.8101477986808523,-0.9882381835331379,-0.9939590458407229
-0.488145971393389,0.6855570515717196,-0.13536367764444118,-0.6562512194472092,-0.6581635607949139
-0.8922537296406574,-0.5479570443934644,-0.8749118562278607,-0.9360832400858734,-0.8477981692851015
0.16412420220735016,0.17310885973715726,-0.8227960039956864,-0.9617087949018461,-0.8032178438467518
-0.4540380759849922,-0.528751584371757,0.9038430571884956,-0.982451775795922,-0.20587375001928718
-0.6330562999700052,0.48059894011971316,0.7722251858412956,-0.8798031519340316,-0.7338576216868441
0.3369821431874053,0.04026444389029125,0.6947184229083383,0.5430853674683527,0.8629153347063195
0.0970247293397389,-0.02064721509266387,-0.7704045863512841,-0.7871395780310587,-0.21264049278404842
-0.46151622636013545,0.42797989310073276,-0.07253471751786734,-0.41595639939867274,-0.4241809211059155
-0.7585589341395224,0.7735621605183287,-0.9271545990543725,-0.10332670394594878,-0.8850464433777393
-0.6576335793180129,0.9514795682870545,-0.5725925077635071,-0.10434414865360589,-0.8363522268898714
0.6921281807409924,-0.532707418716799,0.22861895341700159,-0.7836419924195449,0.809081280680515
-0.21263953888819143,0.5376370445757166,0.2829552878897969,-0.9756362518902616,-0.8621713309718128
-0.6995158821586359,0.8288134118360163,0.6584148273667084,-0.3288586666459808,-0.8681453780219979
0.48844963995158436,-0.4588805982859738,0.9753779966882575,-0.9778648634975149,0.43147275833683474
-0.828774861844639,0.3876946125788963,-0.705594306186296,-0.6385182313262798,-0.9020974483876619
-0.9440695119544282,0.8605982886286591,-0.9529930687115713,-0.922998312998276,-0.998064362817798
0.22827523519421983,-0.7804003600139363,0.9639707665206891,-0.7381552203764095,0.9240240623436186
0.36310595563684583,-0.604095167129712,0.16766456389756249,-0.9806797453915267,-0.211546923484935
-0.7514943264897793,0.26451486824806764,-0.5016329638120037,-0.7583457660637924,-0.6047050185042616
-0.4394669472371093,0.8679943099322043,0.6504771000279737,-0.23816894544297962,-0.7924280784726879
0.09813067894659344,0.7868864218204533,0.2234661873923664,-0.8243658332481627,-0.597364894335535
0.023422843897995455,0.8133838837813188,0.9910838013152733,-0.9642549780057553,-0.7168424028762148
0.3267485902645336,-0.963830921942171,0.6600013246754604,-0.9011365053899909,0.9136303004071303
0.6231975859355111,-0.3909606959801083,0.910263336811868,0.08654931543423709,0.9762040667941786
-0.42277532400817164,0.9272602445111957,0.5545168588382661,0.6610955574719094,-0.37163452047673
0.42143265477765635,0.5882418378438592,0.895262085582861,-0.9673053056060887,-0.0402041858027459
0.32082490613050374,0.7490232643015255,0.5305081265558214,-0.9779759635429306,-0.8609284304356006
0.48635668928785586,-0.09466067418386262,0.9945992486077391,-0.352597782976021,0.8847823203913701
-0.6430518337902877,-0.021720145484809435,0.9713301818039678,0.07989559166401383,0.4846362370502357
-0.11540196118893763,-0.5759702384710819,0.8038650750265992,-0.9307491623080905,-0.07129640076981236
-0.3618726707208563,-0.6392293987785606,0.9397053075138084,-0.2767997889017632,0.8496264215637704
-0.5651894724668574,0.7639878646422696,0.9630646854510474,0.6794030274790641,0.3721786735725503
-0.23346164916776946,-0.2645933738087134,0.1378777771875951,-0.9259075976145763,-0.4089218058042288
-0.10644829021432967,-0.07891773568021328,0.9179831431945089,-0.9931665992147444,-0.7314400034051773
-0.0037056166901219623,0.8248699637885635,0.9320548073826366,-0.6379808184033194,-0.17173204294520686
-0.4218945096923825,-0.4705722951306858,0.4735828015214535,-0.9319030725192723,-0.38534132869491416
-0.006305518273102676,0.9400206115567827,0.5816209845628025,-0.23770830310766028,-0.4615700850092134
-0.9609343738618994,-0.44701470589435705,-0.5100253106554029,-0.3560936745851533,-0.6763223662498448
0.152288777665757,0.4467560136589715,0.1269457735484201,-0.9734391591499458,-0.4631851334691129
-0.6926781769226228,0.9503696497438417,0.7563344616189613,-0.11106904052187049,-0.6629938105503111
0.6888784342640972,0.3782789995082785,0.979421009864574,-0.9717083452346088,0.28540178620564555
-0.5114318525796577,0.8916113153925379,0.85826876441627,0.4902389302927993,-0.08407164970506183
0.4555468015032453,0.2666940069694919,0.9236484680357832,0.07620161402716678,0.7700049224356976
-0.37978950980946513,0.9451501186358284,0.7257129007341475,0.10340111210511924,-0.6333599685066732
-0.8709549323518849,0.9357635371200611,-0.7821732847869037,0.8051302393360702,-0.8358729090089488
-0.3667192263867504,-0.5840245834531784,0.9983523745252869,0.05246525315996396,0.9168758144032771
-0.05068930435114497,0.563802186014625,-0.20768988380010997,-0.8394908300744417,-0.6764593177514777
-0.8292442040662011,0.2774373387845332,0.9872549711883225,0.5241301305892906,0.41461426707848736
-0.3358743574444378,0.8320977356377998,0.5171353665557773,0.07947276497055097,-0.7189930984413553
0.6600081769155793,0.19077920389946065,0.9338927493526442,0.5083445979228302,0.9249253122437106
0.08688049224293092,-0.36531771695368986,0.9279766435350634,-0.9850412007578093,-0.3818302192633391
0.8874442179222143,-0.8517506837620454,0.9929714467384415,0.4416064854836025,0.9977828871771746
-0.12767525237113447,0.25292440919923914,0.5482782297395956,-0.7286706805250742,-0.24843078188058884
0.47214061593304757,0.6515646795276713,0.8321890779188978,-0.9450047953996504,-0.46738932837414093
-0.3185523271422911,-0.6616279297628478,0.9299643100848413,-0.71722732503413,0.7283590748549122
-0.9037100902914627,0.9648158803743025,-0.5658802488091222,0.6263950643879748,-0.8826871117074009
-0.5385464168880445,0.6295151920000984,0.5924825451990339,-0.2669097482541806,-0.6214438328121173
-0.6775909841639352,-0.36017412026969725,-0.9498905042857828,-0.9957557989232564,-0.9640977641091326
0.2457235034963267,0.6588431492307987,0.8688899231987656,-0.6454610380384788,0.62446950483128
-0.9540854021830669,0.4861760971814246,0.27031933654702595,-0.1484312574465507,-0.8592121141478298
0.44989480858456954,-0.9150129731991528,0.9988383091453591,-0.9784521829230406,0.8968342959596332
-0.6236355431504205,0.5198668845084534,0.46714047153756155,0.6216017121905804,-0.05315802289818738
-0.4996569368410333,0.6423893026933483,0.641496000368187,0.7644570544518235,-0.1120190004540693
-0.05754394161290034,-0.8115585514853318,0.7103861620517185,-0.5686216229675901,0.81966671548074
-0.721094574779457,0.7445993743163225,0.7368029297650757,0.02501976281523439,-0.6548049896864119
0.24010556069178923,-0.7275358178327204,-0.15194238525314663,-0.983709065518114,-0.2571900758419067
-0.04751488964893375,0.9674549807236725,0.4314364582153352,0.12368296793558219,-0.4159187898665226
0.2828682561110495,-0.7208555775157378,0.9314502256036999,-0.9959070064448902,0.40759248716796886
-0.5057137515548061,0.5484824335582177,0.7764950965984057,-0.4146616109483978,-0.5881233645357148
-0.6024159759132166,-0.6878794714786849,0.6281055875969767,-0.8790971493067491,0.6062517408985064
-0.9218705712085064,0.17527963781230102,-0.28667722662719375,-0.9452921249052454,-0.9555637003998403
0.04957993744061389,0.05163514180925932,0.8891230557467854,-0.45805570491503506,0.586091892602374
-0.4016514407113528,-0.6081304177562237,-0.10670947903138892,-0.7545269853390044,0.15068741572965433
-0.37169872053659775,-0.39372070823543803,0.11330447213325198,-0.8833566308438725,0.5458531032272044
-0.7058301474113405,0.14987530296293033,0.9871446532588538,-0.7780677655404882,-0.5591565425532709
0.6789812527127141,-0.8097720496900503,0.9723276929536832,-0.8441063085976855,0.9409517103079555
-0.5099249079730419,0.7853243239994806,-0.9161271661890064,-0.9351716985830255,-0.9807834738089464
-0.8089646115437559,0.9607178675964302,0.5137488073424283,-0.2973037028292251,-0.9051796329615454
-0.6827194240887169,0.24942029599184556,-0.9943501236931712,-0.9712007923388728,-0.9874094678445002
-0.8563554555536353,0.847519045981743,-0.21749237086341472,-0.8529556536919087,-0.9874102546486635
0.43616159820031036,-0.12111323469447936,0.9928559286430698,-0.24337907435306244,0.9216214909803334
0.8738722298430003,0.7466271608147022,0.9397729077785546,-0.8324416277125286,-0.024977507016948734
0.15640387932585512,0.6658833145950179,0.6739069450075015,-0.33901723199699285,-0.12881021489595365
-0.8006388880818079,0.94797381698363,-0.9799219685375147,-0.37944228151489984,-0.9935612438570083
0.7499815747314851,0.5509359274681125,0.8241176650119122,-0.6842294164419298,0.6589934575258604
-0.7129524888906552,0.949349164008045,-0.2021665314807722,0.336111034746447,-0.9048023877088467
-0.5750784008696589,-0.037783130339188745,0.9006189295398974,0.3186863487788111,0.7559771134037333
0.8045562819747822,0.0656436802559124,0.9667365258590623,-0.9957565277316494,-0.020134881593721135
-0.21062591180755327,0.43729128553370544,-0.9877174888617507,-0.9908051807104481,-0.9771934113315209
0.1746606787676736,-0.8932389949780505,0.9200203372071726,-0.9694623231166991,0.8002091532953829
0.17498627510521522,-0.5788741722119006,0.9820206952603027,-0.7426164248658742,0.8401004807671721
-0.034234006489528186,-0.6401298142625311,0.35045845786840696,-0.8974831353023517,0.34060134244402945
0.1904546642232335,0.851804910010303,0.8383893217012626,-0.8378792091277917,-0.6248925153982654
-0.7338516720539794,0.46318363671853197,0.7568696714267671,-0.9703730642087149,-0.9095039059226211
-0.9193811017651023,0.8918135777375418,-0.9389262518118258,-0.5168779743870106,-0.9865995015571497
0.14285710542827246,0.8993301899638269,-0.6079518018456922,-0.6743919907122576,-0.7973626734756327
-0.7460441996881454,0.2892957408906368,-0.9373620240921002,-0.9837152847619489,-0.9679498355419075
0.4420645921931992,0.3766456306488764,-0.06664373785010431,-0.6332068795386373,0.23007997490530813
-0.7156861215997988,-0.55154945990444,-0.7354161264441831,-0.8967911523798688,-0.6054659955148708
-0.4779475863643229,0.9053356541068043,0.9289615879461208,-0.12483918110614084,-0.7110739619385888
-0.1612359067107887,0.4294696342114095,0.8662634635091244,-0.9717489145188704,-0.7698772640965468
-0.36798631325535863,0.8339039469498621,0.7579600009570399,-0.8559631587622231,-0.8318373269298169
-0.28489232614864785,0.7300163393750341,0.14433323757700614,-0.5612107176076242,-0.618659793392364
0.7595638953211712,-0.13422617499724462,0.2630571556090981,-0.986691346449889,-0.12482567655076485
-0.9556470066777838,0.9983753150293884,-0.851959955862582,0.8287871417602505,-0.992495886297689
-0.9239773919742433,-0.1110633327743497,0.8930889105847762,0.38537503113280847,0.3278531270846603
-0.2156829625210459,-0.381599798230895,0.8601276562632912,-0.8594654359542905,0.30587822499092815
-0.1642283406050251,0.084404698022167,0.9803270741444485,-0.2963843902890083,0.6629823685067985
-0.7388041434482304,0.49324683328490904,0.18365558562621484,0.27935774589522705,0.1659355757832687
-0.0939315442564405,0.0641825825083957,-0.8565147164430597,-0.9138587984543176,-0.6420102346524544
-0.10385043140502115,0.902338798504634,-0.2381066550491338,-0.9668432069524245,-0.960556970688156
-0.5243235740595081,0.5580590597102817,-0.3101165877498402,-0.8680215814164403,-0.8722196468179624
0.4904848543551345,0.8232455803523139,-0.46340062647949165,-0.5327104604646176,-0.7025724403695507
0.5450516983244633,0.6777220173863227,0.44991415754541414,-0.8614257118561476,-0.2805118366601177
0.5436856087425769,0.6702521528559663,-0.9317515769248326,-0.9093079059737559,-0.6040436248778647
-0.990632273662502,0.9833934575701903,-0.9704447071781889,0.9367126727321484,-0.991476920408184
0.25458525139244736,-0.14763632861370604,0.9430004052462984,-0.9858343370468184,-0.1869478428098303
-0.3812331297811324,0.8572381981148208,0.46066188447418827,0.2808067968883247,-0.2026000998249594
0.6476483464875735,-0.5332502623671083,0.7038461507273308,-0.7190659885993953,0.8446798616945405
-0.5979226991004902,0.664240520894576,0.817753272749143,-0.8746267867566093,-0.8350199639623506
0.9571969660641532,-0.043315494754831776,0.7799782767056765,-0.9864277204211886,0.693642218774011
-0.617683773905124,0.5414385248363729,0.4043413594868846,-0.7125953286979337,-0.5892789588485494
-0.5339125754215769,0.7759347735465095,-0.37951747167550454,0.05856674079865921,-0.5631078006248129
0.3677058380038446,0.4101493395172159,0.9174961948523579,-0.3861499341951708,0.5685630550099657
-0.9374607743125589,-0.6381933049929541,0.456100337365028,-0.643665646458055,-0.3571632747829813
0.49870759187358915,-0.968055961804139,0.9913759863888477,-0.6753929006952313,0.9983742133006346
-0.4479499919397371,0.47369132180154305,0.7088553560129915,-0.9159672779918641,-0.8410794852312468
0.48846431144350205,-0.7167363091472586,0.9474750260052729,-0.9980798104999419,0.053837030858607166
-0.6244153000292214,0.5699052937104115,0.6312925333736092,-0.6083111098324531,-0.5991880821253837
-0.5513864658598795,0.9410214068967153,-0.5536020072860414,0.694870285124016,-0.8414435818426073
-0.6276088120723896,-0.31684546030119903,0.7313760010926644,-0.4405240270693392,0.4235788530202025
0.9120957249793504,0.8849166191426758,0.9478025037914595,-0.8932748454592986,-0.30076509051782135
0.34158597665797136,-0.6180234490891765,-0.6314369418988711,-0.9745840004986683,-0.09680804087131355
-0.27747084468584565,0.14285734979515957,0.6629527924164869,0.27702387023759445,0.30726675963921085
-0.7804282891248361,0.39500223197363443,0.1571842859708053,-0.6683791062802036,-0.6528721880357605
-0.5862729627490995,0.6133584704138193,-0.43185992763066733,0.9310424878093025,0.43355153321328455
-0.7559605165879438,0.5861576385815961,0.9820101128599289,0.16137087215030807,0.12340556237248174
-0.31688604177524765,0.4968309191950105,-0.13123523494947942,-0.6820929942841049,-0.3599941573603553
-0.3641122544337439,0.11645991854551314,0.6375189091902143,-0.9272885854029299,-0.5588497719084544
-0.5712067880209045,-0.8140670459679115,0.4063646688763857,-0.9777263701825138,-0.2513427186638598
0.5333967186921449,0.9364177852243568,0.9958400635373797,-0.6715971288561269,0.14854780787794591
0.7800704256932388,-0.47382976920515457,0.8506895384529578,-0.9977769847051126,-0.23122828874831053
0.6489856697069895,0.9278286185822145,0.9992099599034837,-0.9692271908243776,-0.36252207560858174
0.15943744238559757,0.2786673115235563,-0.8983605318310429,-0.9443933229649744,-0.68150535242722
-0.49376211235523265,0.5207968814598793,-0.3078799567517794,0.777219317007843,-0.1494293614642524
-0.961055474109965,0.8213681406186325,-0.5981485588627281,-0.5659219561260633,-0.9828060327951292
-0.7721364014619632,0.90888375141003,0.41340439121726447,-0.12368497139495756,-0.8643829373820179
-0.4842694919250136,-0.7610380107831529,-0.2558198832044363,-0.5880040995001693,0.42556287029418144
0.18794805334156212,-0.8460376025150159,0.9916810818488949,-0.8501939879675658,0.8721547102943892
-0.8014253183482599,0.8309547973719242,-0.9078711967315081,0.7198755423034517,-0.7490413270174806
0.888069974942266,-0.7498167170498956,0.9964868429342806,-0.8758429924341465,0.9756823072175564
-0.7371213350317571,0.648527612669418,0.8842127372660489,0.6125231801788777,0.11437551384194278
-0.2885260448395162,-0.750335195388818,0.7732925995405902,-0.8767060959781625,0.32141513708572333
-0.8440211608107451,0.06466795492518303,0.5700676929219297,-0.9247051345755428,-0.7102990279248416
-0.4175385817443314,0.058476552111506395,-0.08410152684809916,-0.7056294355131224,-0.23482755934114533
-0.37069636657040084,-0.9094887178509198,0.9943512043898394,-0.6325885101827732,0.9611111725363226
0.07019836396485869,0.21227724198820797,-0.21217668166813755,-0.558273920577491,-0.11495595162642715
-0.7692846643768335,0.8759106670667152,-0.7531035278215188,0.17853899299447432,-0.8110983699265258
0.0007551204381546979,0.6066083437246346,0.9989065293711007,-0.056674633238902185,0.8134775526870347
-0.8701646038624231,0.575483537568732,0.08581387796944101,-0.8839854715544235,-0.9038259373284985
-0.032490054387432354,0.3607732272026588,0.3487593449936787,-0.9573091088060609,-0.5334164676195934
0.7184442294372889,0.4598667853984988,0.9808499879665338,-0.9257018252197048,0.33393370020131274
0.5130999714074487,-0.18166613364407264,0.8452745968648583,-0.9524649321456381,-0.1377175211019574
0.8865154107993503,-0.9804555143622923,0.9964235050794997,-0.9855438034755999,0.9890582331426756
-0.5878910132417254,0.9515235031728149,-0.7019000540509197,0.38382331451504603,-0.8884534297559298
-0.5962479937269503,0.44468947459049085,-0.7102318953598469,-0.7434348543757007,-0.7136852266359548
0.7646666719914071,0.6731865511169048,-0.44309232674834903,-0.8004062472560839,0.020946821275743426
-0.4667641640332555,0.4715190655855573,0.8993832682057248,-0.3320939314960587,-0.2246170276317478
-0.0261125259034421,0.9587664178179627,-0.09415783382153287,0.19268816461645535,-0.6929800018139083
-0.1275207578378449,-0.02244020379776024,0.2889222941944956,-0.8657476535229089,-0.4918991778491871
0.6291756829130261,0.85141895101109,0.9959445705246638,-0.7913721094492343,-0.22493403591610855
-0.4730538821237071,0.9700561451963925,-0.9795573268842437,0.28249883023695793,-0.9653358169024543
-0.7148473407508976,0.9275064862311942,0.973773531518253,-0.46486623045212555,-0.7164669746605518
-0.5739881886759062,-0.6674125838152851,0.9345208535492235,-0.9461210446656775,0.049505841016925296
0.26570729622437955,-0.6945419500112453,0.5647021119326705,-0.9550710771039814,0.3992499569319673
-0.12769089940485803,0.8401855647707489,0.8680151543641726,0.29047522119513347,-0.40033809688760325
0.6730806189204157,0.3134922699581617,0.9970137508497405,-0.9907181005070901,-0.22898122387930125
0.498321237657181,-0.7985350008558593,0.9966009578457344,-0.9254876427825094,0.9238641448123549
-0.47319135503966153,0.3985413405710668,0.7447901635082554,-0.7667063751440938,-0.5995184879511444
0.5396372229186491,-0.8222271300959633,0.9511154484607723,-0.9951232459027551,0.6982763685782148
-0.5558855491854733,0.8735712654509634,-0.472083634680662,0.6661734098333519,-0.6863506884878515
0.7116409121299788,-0.2055765494521568,-0.030675602574824438,-0.9924550617662503,-0.5941199252908006
-0.7706684078687721,0.7709049764141322,-0.8900009654664586,-0.9512648018966158,-0.9871733991054716
0.23701155943768454,0.2487426290660037,0.478254464860296,0.11013282683406868,0.6728317721719831
0.1656008448463416,-0.18089785920136406,0.9523262080687054,-0.9965563036907017,-0.6978800280104531
-0.6074520203511219,0.34413161485220467,0.042154291857004665,-0.9360704006618371,-0.9131821832162863
0.2531193873690644,0.4564910437067066,0.5904267313161324,-0.26052623660836904,-0.1812791601561674
0.3680938187181386,0.8752827358267292,-0.7487972407078929,-0.7352042215737096,-0.7210220306947223
-0.10851414768614069,0.6445742830811346,0.3637983677783612,-0.9045003539637619,-0.6623399785905428
-0.5245173220903325,0.706230720083615,0.8629948189988088,-0.3951078751199985,-0.12734642177941788
-0.7109576029530608,0.812423226164524,0.9206980598779843,-0.8667366808647166,-0.7726658467192488
0.7218844193282797,0.05020875587480628,0.9969015115968816,-0.9551322142479862,0.5998305337617262
0.17411668572995243,0.8934311256737832,0.8037108246807162,-0.7414429380631128,-0.5158853053808343
-0.691886490621432,0.8624990431737617,-0.9353739102465796,-0.2759672410412671,-0.9410964045354447
-0.32533516576878135,-0.22623167392384405,-0.6170081919969558,-0.8412230801097461,-0.07413530852333411
-0.5771349275956764,0.6856735591449119,0.8527736639138317,-0.08632973693152544,-0.4892036612773358
-0.7655031236138208,0.29666007344830325,0.1690783581617821,-0.6479576182747396,-0.7593734190114619
-0.9408240596509582,0.8055891546728189,-0.9001379383349261,-0.852349184596859,-0.9959513079582032
-0.6519946840270328,0.9099354375776721,0.6865266023926673,-0.6798794804568619,-0.9654454933013724
-0.5758541665976904,-0.15804879226639157,0.8281368145894314,0.3890009847715692,0.6732489728272706
-0.6285593127629215,-0.7786125841076674,0.3760894054562261,-0.8861220779475492,0.23782297147054618
0.5261801014468168,0.29850221389098314,-0.576249324794901,-0.08689263346298959,0.5229599429505711
0.24895888167409838,0.5196267583642896,0.9937560097646647,-0.4485370389564107,0.40287953254673436
0.34141512827563225,0.6501813765481471,0.9774580290935525,0.6732731219991247,0.9155297878016541
-0.6982520489173164,0.9679390192152433,-0.9457100321377815,0.3193850600808853,-0.9645007690582221
-0.8743892562921878,0.5339231390425196,-0.5593591409000812,-0.9899437454898478,-0.9900362808203444
-0.6734503416798413,0.3772336463089702,0.7235492262404354,-0.6785908605528408,-0.581589786415283
0.6926148231850789,-0.47669029122637324,0.998094206460201,-0.9247092682924313,0.8741915519655156
-0.12114777082121644,0.9130595980603387,0.8652520197906776,-0.39064862605888134,-0.39891748713573394
-0.19018757265747951,0.13699209763015283,0.9025217264866663,-0.9198804272907299,0.024136958840445564
0.13526450266867865,-0.40006793563919574,0.6082748310919311,-0.9244976325031509,0.049147541055492155
0.5126181067170327,0.3949276779374663,-0.5075515939823896,0.40977286293188103,0.6645357020055163
-0.9274379877703933,0.853169979351761,-0.16401945339096805,-0.7489255764483655,-0.9710092473304637
0.516636944088136,0.6980408094576839,0.43244738247067555,-0.6190374430959414,-0.15182332737707727
0.21056386073145433,-0.1723615464056734,-0.08085315296224897,-0.9785172346496956,-0.5963754271022879
-0.016547529875846935,0.585329699321958,0.2533553065024055,-0.5761311581565774,-0.40821997889794026
-0.713890954201789,-0.06753640971953191,-0.9555546381683125,-0.8466808468378649,-0.782364245201725
-0.618795705710331,0.2569173732694995,-0.909693205774306,-0.8920454186390258,-0.9168716519820637
-0.5953511229468452,0.055463836409335804,0.9908270117025436,-0.6310617349778158,0.2943118774888459
-0.5627836757275597,0.8597469964608339,-0.6676017893137932,-0.9572673740457726,-0.9904046954436024
-0.55406988419037,0.802552874078594,0.842252143037524,-0.7775744813913226,-0.8045131700851736
-0.5162395837951602,0.38268118359397885,-0.0031645510349875864,-0.2963894447298515,-0.42146154401159674
-0.8017375457786646,0.9069665967392285,-0.9271590221410332,-0.0036021145501280746,-0.9715491873547696
0.009855147674373219,-0.10134544725391191,0.7203759192683841,-0.9381203035029924,0.09645651606664228
-0.07115811898375174,0.8716469553300011,0.3865548763110292,-0.9295809437852033,-0.8986945246746882
0.29928893126104583,-0.6944074511619577,0.9654718567121394,-0.9771412525380139,0.5694254607237408
0.0906622130851105,0.3720757625633954,0.9441478309972194,-0.92000563078194,0.02751182012670358
-0.29385240620388636,0.43514949726564506,0.2074303243789378,-0.6378353887341681,-0.28585766766057774
-0.7002395518642197,-0.08413172914195124,0.05127406224831392,-0.9861009764294558,-0.8706208418696632
-0.8156487192603481,0.9484288736488131,-0.20355796899815848,-0.22888950987529802,-0.9541138676539668
-0.8997958894890513,0.8480578095504656,-0.2989441290210629,-0.655349183067827,-0.9635368168820752
0.26757442410925336,0.8476238324668877,0.9651830316650521,-0.44330532510351733,0.06149729722053265
0.4863496664086806,-0.08508554656334832,0.9633421596230329,0.4530510523580319,0.9601727298645417
-0.7919238382759538,0.7973211666752663,-0.6077294712089601,0.005435928906755098,-0.8899343244785153
0.7880901741567741,0.2310696280381302,0.9583225531315954,-0.843227583070758,0.6496876975209902
-0.3768584922412017,0.2878129044419213,0.5879506760927579,0.39775396108726113,0.13686037432390805
-0.9273782278779745,0.7536484178486661,-0.9908272011657098,0.31444968261915,-0.9033968004261839
0.6871863386977519,0.30719787097255974,0.9986144190482285,-0.6453543285727582,0.8381631807631557
-0.18235506350879696,0.5539468681541443,0.7384038590823797,0.38491940456305157,0.438833679393501
0.16755289550321056,-0.37248593625086235,0.8926001954500837,-0.9873877953021517,-0.35964963693380847
-0.013866461647888292,0.7411436450900011,0.35353785566217155,-0.9435638934422578,-0.802339683456144
0.2329797696719388,0.8800296151570416,0.971933009279077,-0.8826442374724282,-0.6129890196830717
-0.3940931250439182,0.5264188536641711,-0.7960757562530584,-0.795595540955371,-0.8527230029500006
-0.574757489527023,-0.10696764776893623,0.7621827519014694,-0.9946307727304896,-0.823077281801036
0.7508515069223927,0.3994261597033466,0.9618100955836771,0.4874314877169796,0.9509112017586705
0.6573298169220695,0.9590528605433493,0.9382192275798625,0.9348202816291955,0.7386935675797907
0.5048922114012135,0.5458719398018913,0.9780599687239773,-0.9562851476181062,0.09830410939630495
-0.5161760221508195,0.9786265844839722,-0.35583511209524726,-0.08824209899030408,-0.8908630772927667
-0.6735139828432251,0.26203864795664944,0.8080710326399358,-0.8645176137874846,-0.7296128102438915
0.5790575384107429,-0.2167611641032933,0.9304887234442081,0.4903130857902806,0.9404991467181766
0.13238480991266818,0.8631874419946944,0.7818819492320055,-0.7171463998299917,-0.3288381158692124
-0.05116487271335192,0.7707807952181613,0.650150510995389,-0.6070004335331206,-0.636252746176104
-0.5282413826957768,0.96029664608282,-0.2999410700660768,-0.28418742485722354,-0.9195398722569331
-0.4542935525230178,-0.8981455980048201,0.9620994299061509,-0.7713891695068451,0.8979435968019559
-0.6923061308041891,0.8536961398558547,0.4504916869997478,0.5979604055316818,-0.615506324145394
-0.7698339155482007,-0.761246660104572,-0.8921588742194871,-0.8608130531592323,-0.1555199434141905
-0.9271659689087517,-0.37831954417152297,0.5112616857944212,-0.9118555754686173,-0.7628157912891399
0.31104977893558344,-0.4952607240035865,0.4916649314711873,-0.9792735304869945,-0.14101466081590816
0.7903913119125954,0.46097984092688726,0.9985686669281578,-0.24631486144035564,0.944727341618409
-0.9454237248802941,-0.377853430436246,0.7302370448780976,0.27508582837159756,0.04011615814435936
-0.5653397839148667,-0.38673414164389486,0.968134721467219,-0.9609969207324707,-0.17309636078806634
0.45658618640018456,-0.19233912197371306,0.9976767312532165,-0.9754731587269659,0.5087970740078639
-0.7991867747947426,-0.6830466938409198,0.8407926994358,-0.9882415741335321,-0.7279418469243031
0.6128641672364343,-0.7658012002489654,-0.6589596986419528,-0.9164858515627683,0.6137307721884988
-0.24703342597478292,-0.20571474274530416,0.6599183211061265,-0.7447975692156069,0.11485886849381441
-0.5349993184837752,0.4192522901912252,-0.3589459187702927,-0.935352960039,-0.8867642003079923
-0.37557487299494496,0.9681276440267936,0.9922822555391427,0.7404909565332051,0.21318811761862827
-0.8285831829078046,0.6441312562564008,0.6328622624892073,-0.841884760376106,-0.9520571106925986
-0.21963107730123493,0.8739784082948011,-0.660641170259129,-0.5362095514436448,-0.863522376786484
-0.7960004615974831,-0.6845498723720354,0.902614074296915,-0.9260147557697849,0.007776714089086198
-0.8214512886233107,-0.6472785318222248,0.19223943066626414,-0.9344528790773035,-0.15699474219387216
0.6354643104502415,-0.23449439867010197,0.9902589886210422,-0.6478710771454474,0.9148923161170454
-0.5894085459180053,-0.18749233032767823,0.8164482062587626,-0.23022102810078932,0.3131772754326668
0.09611385239665449,-0.5829144720870251,0.35063854278569917,-0.8210845099513793,0.33007130259668543
-0.8943072688665255,0.35708503749377285,0.19387357677345143,0.1411470093025553,-0.6552369329339395
0.07725206714097047,-0.2710111620207155,0.9902565295709759,-0.21657035445107015,0.932247556026862
-0.5945973342180022,0.035501847786896475,0.964153900220326,-0.5477247133559352,0.06968070206251495
0.8879548208706334,0.5470808689510342,0.9238485663230525,-0.626427000288232,0.6912851632914606
0.5260054431414141,-0.1816264229759474,0.9838134329718218,-0.9965138832240217,0.14609024560042094
0.1769303616321052,0.7411747298847381,0.6521349776857439,0.123572375735561,-0.0658813570117824
0.455891807520363,0.8857612518123373,-0.8440029495010454,-0.7788745563042134,-0.8734584260706173
-0.7077077896762917,-0.44096493136633613,0.14854673340493874,-0.4654313961985879,-0.025714121001134654
-0.3974254466487785,-0.935193609539987,0.8089617778287536,-0.9973736221240705,-0.08980035086918164
-0.8683519988204643,0.07400367007998854,0.17558898780194337,-0.819849727116921,-0.7570972159435394
-0.16380149228668056,0.912377994434544,-0.23293433330878507,0.3976825266426786,-0.34526287510633275
-0.5519030920888033,0.5653193513838614,0.7474567662886276,-0.0969401311026739,-0.27255083172992073
-0.6284167579843503,0.7799498616216445,0.4396236426612001,-0.3619049486175976,-0.7425748325698289
-0.33339451328505554,0.4428545508276614,0.9137284393216928,-0.7164598783271079,-0.2456936978529462
-0.9865249382074819,0.7208045570094415,-0.5317593635385377,0.773205561272305,-0.8829431508314354
-0.36048035624929364,0.9070690662609574,0.9865530912081516,-0.756576191704158,-0.47556366095034613
-0.3053117355420889,0.3573083920383674,0.9196977083104548,-0.9545255141202692,-0.5707097943095294
-0.7512274147717276,0.9151892691895965,0.7529294608724851,0.8795012026458497,0.017203861974444064
-0.9036787417467217,-0.02027221365137206,-0.03795161379160719,-0.2655989787520518,-0.5371993342150106
0.16582667612532861,0.9054171577769392,0.9842947196678943,0.3399311108203219,0.3102403270313156
-0.28904228704471996,0.5211561819044174,0.9020620767005145,0.7973383709928089,0.7129946318395132
-0.23084358495928484,-0.6326550057050471,0.8871538558297971,-0.6495672013624777,0.742579375502222
0.03374162666815011,0.14114871796343606,0.9427189632452236,-0.03157909312869269,0.7474928198446799
0.23905542996257728,0.25507467581462256,0.08382187692094754,-0.9848699481642881,-0.8426643047384093
-0.4981915320194914,0.6670067628131023,0.44450635423487056,0.5864766639308321,0.20660941478923353
-0.7580026248286614,0.8609279179909659,-0.9246127637616081,-0.893407326099424,-0.9916939955734729
-0.11636320987403484,-0.06348962999088192,0.9831863071927925,-0.9657892573410679,-0.19913677354973075
-0.6950103566545122,0.09171052001372909,-0.9780532550333799,-0.9916797157496995,-0.990110735388686
-0.6367559155796054,0.9699680474947732,-0.9420177079566816,0.2957862405907699,-0.9761247166179738
0.5056136207691754,0.41928112437379667,0.07074452244512926,-0.7896679366505568,-0.025132135515069865
-0.8841119485274539,0.3784156513157918,-0.4526540151545166,-0.7960443752593079,-0.8883694814375483
0.09742987336388725,-0.6785160887102573,0.9556779240280687,-0.6774262083611439,0.8976235643464128
-0.6256872326370673,0.11639917841898342,0.34662346216452533,-0.4452747896252958,-0.436843732708749
-0.7266919259079075,0.5747778413614381,-0.8892797714655246,-0.6235236900163218,-0.9380040491223977
0.6549129297235065,-0.6859750445440759,0.9592963085688567,-0.9497855788364096,0.9174050691010369
-0.5963453395219839,-0.7933934753524874,0.5836366340105609,-0.9967424579757422,-0.8313811158314599
-0.4833275995447933,-0.16134782998856975,0.14554006461043908,0.08671353331605583,0.041465469814388575
0.6760696800232563,-0.6586809612447846,0.7732834639634302,-0.846095176390158,0.8860016165969676
-0.49963693961161126,-0.20735908252927954,0.5217742512591759,0.22412010476421473,0.6989895640146482
-0.5209417232569045,0.6189331281018123,0.8155899864784394,0.17013489895844644,-0.3350457073198497
-0.2515120179531213,0.37751767524464624,0.7660863745072958,-0.8006796285463277,0.2690850358824462
0.09487610166716198,-0.6372947529474166,-0.05282124367713129,-0.9963950193875383,-0.6738033069008676
-0.012842248801340187,-0.026794624541792166,0.9962117227410507,-0.4475049991840722,0.7353821133644448
-0.5987076608638869,0.2954890008899915,0.9821844285856407,-0.9914243954477241,-0.8505437223842308
-0.7353342320879025,0.7261369771616607,-0.7470244386707057,-0.010560875790023563,-0.8422906035472756
-0.48986067350511714,-0.07251752009809635,0.04157561310352183,-0.9464559052262388,-0.5712241405755912
-0.15359288731920615,0.8913924347593902,0.8460644660406396,-0.5205712140696993,-0.6568673684442974
-0.26417105707665695,0.6294592996527982,0.2874797453631145,-0.7276839166725023,-0.7771534860284923
0.6489193354196277,-0.9385351418736536,0.9887480411255963,-0.6017848686454021,0.9857151211516124
-0.21988555670252835,0.17797129317091745,-0.21311097075313504,-0.8989182627028856,-0.6523513899087946
-0.05355385533206101,0.8383596132536689,-0.9621210838424219,-0.9505073344435833,-0.9885561383882678
-0.04916095855230901,0.8973804499900727,-0.8175642553426541,0.3074539876863525,-0.35301894912466364
0.31631901897861375,-0.64074985055543,0.9825050548840681,-0.9557756193267355,0.6427373272236991
-0.8871941381948437,0.7633703446077226,0.22702750881719924,0.07001873849973816,-0.8405032040323639
0.795570903612808,-0.3796745741201472,0.9423594193310608,-0.7958510645919171,0.6474008715685323
-0.6211578862111857,-0.26483171215741635,0.9658904998812755,0.6008966040749442,0.8473493822986928
-0.9829071394321237,-0.28693538947446134,-0.5086444808042216,-0.4311680289055469,-0.8681473632690544
-0.9295310788144253,0.8089831427360052,0.5408954886614289,0.14007774663891254,-0.5653121033207731
-0.8410964719669354,0.2622864996970637,0.19335204400725986,-0.017002285071516632,-0.5787932634416217
0.5970123701195033,0.33489496215044023,0.9531740001873142,-0.9503545141397985,0.1522429847110548
0.34441550558842543,0.21377368226920415,0.793192966825902,-0.03364804529188662,0.7861645549798442
-0.2454686513660542,0.7370056934596192,0.05601052843843258,-0.4748069350278891,-0.7368085630784136
-0.9781431631700932,0.7870748636794664,0.9380087323781845,0.15658154022298867,-0.871416992294237
-0.004375851407550613,0.043418756359843616,0.9283069460745135,-0.5058895530043157,0.77014341392518
-0.8758525243709595,0.7175674802679893,0.3386691524031122,-0.7567086537645679,-0.9456468342822161
-0.29390483727046623,0.09207065263234117,0.32517264075811153,-0.6089170099406966,0.010061013376522671
-0.664602886442212,0.9266786554938912,0.0577775579872032,-0.9016206315761376,-0.9912054834614201
-0.636535530480746,-0.017657162361524634,-0.8020581558086377,-0.838861671305318,-0.7870170759697424
0.031087249810005015,0.9231836940077545,0.579947341362985,0.8994553567164378,0.22451038672624324
0.2168971277817017,-0.6987429213168768,0.7386331851441151,-0.9700078497793799,0.04198502853710121
0.6946452238602842,-0.9438758735662982,0.9975912563825303,-0.7312452289361153,0.9891555628421786
0.8734372485345222,0.8843117673907195,0.9937888361779746,-0.40722426535968154,0.698783335453801
-0.3079868089331199,0.14759511424691527,0.05695393010367277,-0.8350528966382205,-0.5084148237339955
-0.4844084935997425,-0.6942832367519002,-0.0011711325037685812,-0.8049851059814174,0.2511104970435751
-0.31096733164370444,0.8625890012660438,0.9037865172684387,0.566126818974715,0.14467390869605645
-0.34363895043963005,0.23175984712816666,0.973669021052957,0.8809906342764496,0.9217906071233817
-0.08972620168667274,0.4808826404374906,0.9366802844397313,-0.5354994147598647,0.13750470090969583
-0.01936624843436054,0.1861136425949192,0.783615364318641,-0.8476872675074426,-0.23108203984678288
-0.562277912662935,0.5058957493850139,0.6492777882071067,0.023349673348970618,-0.23349856405662117
-0.9947259845997459,0.9953178052988406,-0.9961525641275308,0.9917011532801822,-0.9964181527967894
-0.7250884708703934,-0.5576323486876148,0.588557356099234,-0.8586737690140038,-0.3098454698133497
-0.49586456671527496,0.9371717414344543,-0.6050796391176297,-0.836946548736885,-0.9573513332626252
0.8612048010799395,-0.9147307385021394,0.9956571983217997,-0.9945935461346297,0.9379626358468545
0.16542240188586904,0.5228447561373167,0.5091637624311186,0.791900553568087,0.6926602731324135
0.4093029127104153,0.6564629921318771,0.45671867622266993,-0.9464970628710482,-0.6018032443930581
-0.7627036947085858,0.3251918836054077,-0.1110699755898951,-0.9048183743330082,-0.8144118300896972
0.50876460897289,0.9153713455256648,-0.1605991279151829,-0.7532887369545447,-0.5564360187828911
0.3324708244588651,0.24467167623037134,0.8925218430137333,-0.9934493699295657,-0.5551092082646073
0.48683679776613764,-0.7901965694481325,0.9833571132104378,0.10097626547584035,0.9806953486792829
-0.017602676162118174,0.7601625507191578,0.36074660324075464,0.2838024849115346,-0.1850886214504011
-0.34795685807529403,-0.2729517991203684,0.8674024519479759,-0.13182070006550897,0.7888991342645106
0.4494969996866305,0.10763822374393753,0.8478331710790773,-0.14293713292096,0.851926563157808
0.3765686332260799,0.5787820099920942,0.06914767942423744,-0.993499173545795,-0.8195355932210712
0.7814900983347232,0.6856139030395415,-0.7719401185012562,-0.9901117262244054,-0.8977964045912236
-0.016078009864163578,0.6598652758728986,-0.36947829123004505,0.2436531080626044,-0.12257688076859605
-0.71991007168468,0.3307834412068037,0.38545016571288593,0.3702236039499148,-0.0031890193896306753
-0.8527585186840785,0.8652263611675531,0.9794560026647772,0.7857036557875808,0.25415866080192306
-0.4897587913516549,-0.3429330333613734,-0.33990440621534684,-0.9912398936690388,-0.8528791590012766
0.43769090000338035,0.3315672084804548,0.6020263285172512,-0.9866257961754087,-0.6876839070987794
0.16628749922485606,-0.044390204223362074,0.9858247604979544,-0.7472593918376673,0.5218449575648082
-0.6597214457063958,0.8038082533124055,-0.6905051108560896,-0.13098960833066545,-0.5332219692322976
-0.6194882499395298,0.3680804405144232,-0.014526329710179456,0.27828578057438896,0.0724666861011548
-0.4816551042327679,-0.010043430967242294,-0.5049715838713642,-0.8545753967534712,-0.7555360037378134
-0.3619892993466717,0.7768824790221576,0.5228603471662995,-0.41819391112591897,-0.581869517633613
-0.9234669756671992,0.5012278459949755,-0.9836465964998788,-0.520552378377151,-0.9745929941827984
-0.2942147565574147,0.7548740266662844,-0.44777799459591405,-0.07665158516283335,-0.5487216726794913
-0.4740562884819747,0.7822924330832312,0.9547232679619717,-0.6260774156800177,-0.5331360716236337
-0.9524570422542901,0.3649260472371294,-0.8651240857557106,-0.657417767276395,-0.865683548697716
-0.8577412281864543,0.7944349780882022,-0.7257035456225271,0.5419406677750461,-0.5755609796385871
0.29689896337262556,0.138997685902448,-0.6457566746498828,-0.9948843910219194,-0.8779649920452155
-0.1769939153426579,0.28788892071484506,0.9351779683277005,-0.9891098261019966,-0.7404478985382535
0.6432539114410205,0.8016735613911179,0.9896138275047704,0.647197629228971,0.8144921889626106
-0.8447923193888639,0.843190154540136,-0.9385989752446143,-0.7465394841704842,-0.981140679782478
-0.6847953305125167,0.03330088830400712,0.9142667981173687,-0.5291863529309476,0.37310924809326146
-0.4119352587293973,-0.04778205934808165,0.8506609238198705,-0.9755375804740959,-0.7109984557603028
-0.7921294048280155,-0.07069431628461426,-0.5986604424768639,-0.6882259638484314,-0.6480550954090233
-0.4273374379150906,0.04436580279335179,0.7130827279940614,-0.7036353866762604,0.13377107711115382
0.8246246045447451,-0.5795397764153449,0.7274103752139266,-0.9833986755581905,0.5373091118036096
0.38999028332431374,0.21976570830338232,0.8781812345512269,-0.7503605171267657,0.4039487644936482
-0.28395576406304524,-0.0121229650386576,0.953497144138638,-0.8113295865269154,-0.22485024077058524
-0.322799070773392,-0.16425023262177244,0.910778766891741,-0.7119297072050847,0.0820515004417531
0.033899711270234036,0.4397454526664095,0.190809076465814,0.3599662475695639,0.3748331740573575
-0.6297404311484537,-0.5880227150843086,-0.3492222150226842,-0.9931407604825351,-0.9051491542420731
-0.7721259725865586,0.8871966304224268,-0.9042881033359931,-0.9858340186147305,-0.9986616233601818
0.30574462904814487,0.7047566332995304,0.7528754613348904,-0.053659715308041936,0.4113912147966278
0.48128884125608096,-0.4116513423218888,0.9506814431873882,-0.4987567070672413,0.8651367165209846
-0.08912855459684775,0.8716171062943198,0.9745530057711606,-0.5279809183375286,-0.7030060828031802
-0.3957526547664232,0.8522851012397431,0.9750676376398644,-0.2539215657352825,-0.2862064396511907
0.7570157601534473,0.7744162988340683,0.9268676860336488,-0.9063978697120517,-0.4659723293402202
0.018070208771381616,0.6308422242826958,0.30004978891060596,-0.5871810672851837,-0.409270534297387
-0.7200103597708549,-0.6191120220598185,0.6779040541010266,-0.17008199339684718,0.6930023535815935
0.194868340886598,0.2252858660039012,-0.0249242192482447,-0.9287610986838665,-0.5098036802597982
-0.8328522982577216,0.977269580805937,-0.17739037013347916,0.8291934074009157,-0.8843828268997976
-0.8049175463334624,0.6453564376505361,0.7290026720889424,0.972564468610806,0.7504296925813059
-0.49470339489848314,0.2646140677842408,0.9812814231282624,-0.507467848630613,0.30033986530669465
0.6920767354410692,-0.8478803118891685,0.9049118020918672,-0.9916098488455055,0.825212335713584
0.5120511012987615,0.6135458470309783,0.8738488514507109,0.3475732624128321,0.5863958088754667
-0.21411661686787892,0.38120242313083164,0.1656024869063012,0.08635104434812542,0.29787202710560484
-0.6210711325146344,0.8594940701040498,-0.8890943139820575,-0.9308268431718395,-0.9845033241627451
-0.893234529204678,-0.12975801443402507,0.8825457482026848,-0.541489843330024,-0.1767899510752801
-0.10239963835571149,0.819568184440193,-0.36272394643810385,-0.9380280302714513,-0.8949336799588634
-0.6608171277127135,0.9514754372926767,-0.0924157428192471,0.8813915238326537,-0.6720358110038982
-0.6302789547200995,-0.371627900999365,-0.019889485013132053,-0.9507064019923746,-0.5856410909043785
-0.5436035681797698,0.0932741031788698,0.9263078311310315,-0.9534175593301064,-0.5578926405966536
0.5552241376274832,0.8200887896175342,0.906903184889102,-0.18722619433873383,0.38177658041691037
-0.11749146160183506,0.8562887512637164,0.48136833018321257,-0.48102449171742423,-0.7293376709135845
0.22579023812271704,0.014959769976622309,-0.11608621037937664,-0.9813344976704003,-0.6646753878059531
-0.7386413662715199,0.4849584071530917,-0.3959441882194459,-0.652819988885862,-0.7441155875763256
0.7220395942696537,0.2516246454492144,0.7942417385843676,-0.9267620243822138,0.03063468897983244
-0.48978633057160464,0.9510554039758896,-0.5419309216610873,-0.08746562872684809,-0.8689896982273387
-0.5580718012426165,-0.12429334180465332,0.3403286622672978,-0.807945649898549,-0.28558716883860596
0.16088357984446122,0.528256980395318,0.9408388664943569,0.3713794538609546,0.7662916514550427
-0.49666911921454154,0.42759977620012657,0.848961816970963,0.8675629720014273,0.8164903929164861
0.6732538055597589,0.1158765160018476,0.9658027249695319,-0.9629807222493458,0.569695087248637
-0.8349979826792677,-0.1701059941975919,0.14432183498068502,-0.4733383218290136,-0.6909815318607235
-0.7780774929304487,-0.5281708987009192,-0.6145232300732666,-0.8408757620009272,-0.7348175314879672
-0.1552735545936882,-0.5300077987125235,0.04769688585202838,-0.9937202793325389,-0.6572765846157834
0.21515418418805576,-0.4024875147926391,0.9017954316738199,-0.896661613606968,0.5599730316234901
0.08990900587056899,0.656600517777563,0.7168815209793543,-0.9143790382969696,-0.6326507119313173
-0.03835661623971307,0.7368252945847306,0.6679958321968915,-0.9702967903089897,-0.8647934466655816
0.5481781428053656,0.7706533960262022,0.5525648540394306,-0.833512733886879,-0.1605172118012013
0.07980019596838143,-0.8803364736124096,-0.9639027818774895,-0.9997447745795803,-0.8972907581587516
-0.7570771649289052,0.9004198586324739,0.06300308914061255,-0.9420735515735549,-0.9756511336813786
0.1912074203697006,-0.5059419320497132,0.09376053454536162,-0.8848033867754532,0.5604509238687087
0.2399417639750686,-0.0495666903013992,-0.9102929380902071,-0.8050953969782136,0.06974732815517053
-0.2436165811813653,0.8104040940209419,0.40901776415307883,0.12307766042935579,-0.3150200690603972
-0.8209420140315714,0.3433067124426509,-0.4863548788942157,-0.08804622816561689,-0.5383777441003953
0.15610198907460474,0.052340988466233536,0.8767547050788493,-0.3889981939815385,0.5071466329221278
0.316203174827877,-0.558342061534518,0.9941048977734662,0.506155456893574,0.9881162762042208
-0.5307677455900451,0.32499799193698886,0.9734666503316176,-0.014912354217806211,0.673150428966666
0.08379387529624766,-0.5035812288706686,0.9970258512561048,-0.9558848047127255,0.5756928254009206
-0.9255084245793904,-0.3673963275624995,-0.04045285980849497,0.33040184854316335,0.13635364491195728
-0.507352052360254,-0.549467961254813,0.10945487681829792,-0.8152891055511349,0.06314729477930296
-0.3395697972123888,-0.3332288185700879,0.9422819101350508,-0.7810148567705512,0.34995232632785733
-0.19783085150983593,-0.6611799791735041,0.8770564970791864,-0.8848122570666559,0.5581654578770672
-0.3162383252395309,-0.7417575443482295,0.9919653955763561,-0.960072432060926,0.737270890345733
-0.9613119049055143,0.11637036555279771,-0.7107412407865296,-0.5930760608670469,-0.8709836062738369
0.498257542411367,0.6531786523292531,0.9008141511864424,0.4960045166922847,0.6898131847379376
-0.31060025531159535,0.2541718559278129,0.46622634384552414,-0.38882345714182415,-0.16964342645127858
0.10997422637655706,-0.6994423339644308,-0.18600372415069003,-0.9477859965598896,0.21988048749884337
-0.3069793182586064,0.5533191050240531,0.6513518511802111,-0.020443463875627985,0.2789536170939116
0.6903743401470109,-0.20302061769432841,0.8131565666961067,-0.9944611964562231,-0.35264684454316747
-0.6014500885997179,-0.2783254016031911,0.7497604434292937,-0.8189819832306434,-0.11845934867966855
-0.3480721133641348,-0.1780567279224372,0.551580967093366,0.6625314862152811,0.8598108592578885
0.6683362396566073,-0.048228533395416336,0.911704028764466,-0.9781756155903902,0.07474694247837002
-0.6294962836717958,-0.7166674576596104,-0.09036323593453782,-0.37579214919328263,0.45115025583371055
0.5740757117654613,0.8256903954029677,0.36750989747347884,-0.15103753013411575,-0.045869151568614853
-0.19865928911707378,0.5741530043132542,0.371098909177699,0.6638476887960242,0.6082422504484796
-0.8328089889936418,0.400060045632652,0.21166977544629065,0.4566592571356199,-0.5383401672809085
-0.8606368304263805,0.891810809919791,0.7987125610256806,0.8429709947286179,-0.13395872599142297
-0.9609705774451448,0.9273631027739099,-0.44788235476113303,0.9774305251761624,-0.44324537334526265
-0.47654734579361735,-0.48656668716125767,-0.09865440082041012,-0.9893692040601871,-0.5673809062670117
0.2756887683393209,-0.34833040224319534,0.7705803005242506,-0.9539409521131792,0.17223790965564423
-0.9109296365329212,-0.41013143805192676,-0.18453161267854648,0.4205387043954027,0.07345929196880503
0.8061139580945348,0.43024588843873524,0.7992176723251666,-0.7271685006370213,0.8748927296998819
-0.5124093594171949,0.23036285192125014,-0.4263670287578793,-0.5967361369977049,-0.1656627585453595
-0.6149460655360437,0.6216808062253175,-0.2660833140421221,-0.8708259986819676,-0.9273500701797136
0.5726404785946998,-0.4671604636274614,0.8634493573741505,-0.9879637725428789,0.5852331347411287
-0.05127500898435866,-0.49081685006758075,0.994687487555438,-0.24767948592712907,0.9440154328931062
-0.9470171497646883,0.26535652740784893,0.5542640481726614,0.4810902964852576,-0.36343053600211367
0.7082861060945724,0.6430997482433767,-0.5571164328881713,-0.9235761431934711,-0.6994828361601203
-0.5196025578139052,0.40483862208449317,-0.7312134610648923,-0.9367750230109569,-0.937788131099904
-0.7821684644617328,0.6704265007410006,0.007475225401192182,0.4271840476998658,-0.5619368547181806
-0.318722901192053,0.2053538569945318,-0.7262297450267865,-0.7079414378784513,-0.35425213685106344
0.5408940659125906,-0.4446702329169739,-0.07763300248523561,-0.8279988666716462,0.25485564673767047
-0.23193251052186936,0.8957737996971991,-0.21077537699304666,-0.9577485023713781,-0.9719832049054014
-0.06292922064928091,0.6437163990649294,0.12035232897441667,-0.21522321745941822,-0.17912233148129209
-0.1421073683231973,-0.6580990357564486,0.9448044986358713,-0.9360476010104058,0.43934120031389157
-0.9245938180497728,0.9769195098855051,0.42665184193512445,0.983995110558213,-0.3729706652007606
-0.45912710202448437,0.8009128887404039,-0.1552861827989383,0.6286101637630381,-0.24097120452705964
-0.5603672164679703,0.9064545602765245,0.31499727835052693,-0.07899552321591188,-0.763908554310103
-0.16427248474986259,0.5411432332133153,-0.4235932064295029,-0.8427778126720968,-0.5452274618735319
0.4932651707084731,0.4898723776898864,0.33891271879177387,-0.40568658862187884,0.5327668556992853
-0.45715979857960515,0.6034674859885256,0.43229095993541594,-0.6876905197726875,-0.6208389332244545
-0.4315912666327073,0.7685741062425323,0.911726021402072,-0.6877616457332889,-0.6445513068460289
-0.3948898210808825,0.6486599182492785,0.9384510728648116,0.9537723435592622,0.6416408400943292
0.11036723389812973,-0.365990461634539,0.39084576447174646,-0.6116171938401759,0.763259325387934
-0.33228147463913155,-0.9499933682891338,0.9414845801370729,-0.841725841545671,0.9064358331058556
0.4601463217351479,0.28442603637324965,0.8388844894706191,-0.6659461498572021,0.699978644637561
0.2989031705951457,0.027852441971563353,0.9643581617924525,-0.9332970406479659,0.24190645106792755
-0.9804112037088417,-0.29169103425600074,-0.20823315970035502,-0.7189697048329166,-0.8984494263598781
0.12492734399333495,0.31848260533913353,0.49407834628880304,-0.9985385467243957,-0.9479294594953022
-0.09381219896189075,-0.4320901304294603,0.18989584747926438,-0.7093601359749938,0.21053780047829906
-0.7797652101320092,0.42415502185805704,0.7769573985223271,0.38507750667023954,0.36843945564687147
0.28443713437187296,-0.6395202809137299,0.994673363125136,-0.9457166404152464,0.8653123630430648
